battery_id,cycle_count,avg_temp,depth_of_discharge,fast_charge_frequency,internal_resistance,voltage,current,capacity,SOH
B0005,1,27.56,82.18,18.83,62.69,4.152,1.477,1.9987,99.93
B0005,2,27.46,66.29,17.67,60.0,4.105,1.472,1.9982,99.91
B0005,3,25.63,72.51,15.46,62.91,4.131,1.503,1.9993,99.97
B0005,4,25.16,65.64,20.55,61.55,4.124,1.485,1.9987,99.93
B0005,5,26.18,84.82,19.93,62.48,4.111,1.51,1.9982,99.91
B0005,6,24.58,59.37,20.98,61.8,4.133,1.485,1.9972,99.86
B0005,7,25.19,64.24,17.7,62.33,4.099,1.516,1.9966,99.83
B0005,8,26.53,64.58,23.06,63.48,4.116,1.485,1.9959,99.8
B0005,9,27.42,77.8,17.6,60.65,4.111,1.541,1.9959,99.8
B0005,10,28.68,69.42,25.02,61.61,4.141,1.577,1.9953,99.77
B0005,11,27.04,82.52,6.9,62.95,4.126,1.505,1.995,99.75
B0005,12,24.73,68.24,21.79,62.29,4.116,1.475,1.9946,99.73
B0005,13,28.24,72.63,17.35,63.48,4.149,1.465,1.9941,99.71
B0005,14,26.78,66.86,12.68,63.95,4.129,1.488,1.994,99.7
B0005,15,25.51,66.63,18.29,63.5,4.137,1.594,1.9945,99.72
B0005,16,27.44,72.06,19.63,63.93,4.129,1.623,1.9943,99.72
B0005,17,27.03,72.41,19.83,65.96,4.141,1.54,1.9936,99.68
B0005,18,26.2,81.22,12.99,67.86,4.103,1.472,1.9924,99.62
B0005,19,27.44,65.97,12.25,63.24,4.137,1.454,1.9918,99.59
B0005,20,29.21,63.73,18.39,63.26,4.131,1.565,1.9912,99.56
B0005,21,25.45,71.48,21.3,63.43,4.1,1.526,1.9916,99.58
B0005,22,27.77,72.0,21.73,65.86,4.129,1.464,1.9915,99.58
B0005,23,29.68,73.79,14.04,64.41,4.14,1.558,1.9899,99.49
B0005,24,26.49,77.71,22.06,68.91,4.114,1.462,1.9903,99.51
B0005,25,26.44,63.47,19.61,66.74,4.137,1.501,1.9897,99.49
B0005,26,29.28,67.88,33.6,65.33,4.1,1.524,1.9889,99.44
B0005,27,27.3,75.71,22.37,65.52,4.091,1.478,1.9894,99.47
B0005,28,28.62,71.71,13.77,67.65,4.101,1.508,1.9886,99.43
B0005,29,27.69,60.86,21.79,68.96,4.138,1.431,1.9881,99.4
B0005,30,26.53,74.12,22.57,73.35,4.123,1.557,1.9878,99.39
B0005,31,28.83,75.21,18.42,66.74,4.113,1.476,1.9865,99.32
B0005,32,27.81,88.52,10.66,65.66,4.109,1.554,1.987,99.35
B0005,33,27.82,61.38,16.42,67.22,4.121,1.502,1.9868,99.34
B0005,34,26.99,87.15,23.17,68.74,4.101,1.543,1.9878,99.39
B0005,35,26.85,69.08,22.52,67.03,4.109,1.476,1.9859,99.29
B0005,36,27.05,84.12,22.02,70.36,4.154,1.552,1.9867,99.34
B0005,37,26.04,66.13,26.33,69.93,4.127,1.454,1.986,99.3
B0005,38,27.82,44.07,14.88,67.68,4.146,1.428,1.9851,99.25
B0005,39,27.4,71.05,27.21,71.48,4.109,1.451,1.9856,99.28
B0005,40,28.51,71.59,17.0,69.51,4.113,1.533,1.9839,99.2
B0005,41,29.89,60.1,30.67,70.03,4.121,1.514,1.9845,99.22
B0005,42,27.27,68.34,17.53,71.8,4.114,1.465,1.9839,99.2
B0005,43,29.12,72.46,24.06,69.62,4.098,1.537,1.9824,99.12
B0005,44,28.81,69.83,20.59,70.23,4.119,1.49,1.982,99.1
B0005,45,27.84,78.79,24.13,73.29,4.105,1.534,1.9821,99.1
B0005,46,27.76,72.59,19.35,72.47,4.088,1.605,1.9818,99.09
B0005,47,26.96,60.29,25.79,72.77,4.116,1.499,1.9813,99.07
B0005,48,27.12,70.61,16.61,71.87,4.088,1.484,1.9808,99.04
B0005,49,28.72,65.49,15.89,72.7,4.093,1.476,1.9806,99.03
B0005,50,28.53,58.42,12.96,72.23,4.109,1.574,1.9807,99.03
B0005,51,29.31,68.72,19.9,72.76,4.096,1.516,1.9804,99.02
B0005,52,27.32,74.15,27.66,73.65,4.114,1.48,1.9799,99.0
B0005,53,28.61,70.1,20.49,73.33,4.11,1.573,1.9795,98.98
B0005,54,29.52,87.23,16.16,73.9,4.143,1.46,1.9782,98.91
B0005,55,27.4,65.2,9.38,72.65,4.103,1.517,1.9789,98.95
B0005,56,30.68,77.6,17.12,74.8,4.071,1.592,1.9782,98.91
B0005,57,29.88,66.25,11.43,74.23,4.122,1.42,1.9767,98.84
B0005,58,27.77,70.04,20.23,75.47,4.074,1.493,1.9777,98.89
B0005,59,28.67,74.12,23.56,72.48,4.124,1.517,1.9774,98.87
B0005,60,27.66,82.41,20.58,75.19,4.136,1.588,1.9764,98.82
B0005,61,28.28,77.77,23.23,73.93,4.109,1.553,1.9756,98.78
B0005,62,26.5,60.53,9.8,76.59,4.122,1.504,1.9765,98.83
B0005,63,30.6,58.96,11.48,76.44,4.091,1.397,1.975,98.75
B0005,64,28.57,59.56,23.35,74.68,4.083,1.447,1.9749,98.74
B0005,65,28.63,77.64,15.07,75.54,4.076,1.495,1.9746,98.73
B0005,66,27.49,65.57,14.01,76.68,4.076,1.511,1.9737,98.68
B0005,67,28.63,68.23,23.07,76.06,4.079,1.486,1.9736,98.68
B0005,68,26.03,57.88,26.83,76.72,4.101,1.516,1.9734,98.67
B0005,69,32.52,78.96,19.36,74.93,4.095,1.462,1.973,98.65
B0005,70,27.15,64.83,14.59,78.92,4.086,1.574,1.9725,98.63
B0005,71,28.98,63.11,27.62,76.3,4.084,1.456,1.972,98.6
B0005,72,27.25,77.41,29.55,78.83,4.072,1.476,1.9732,98.66
B0005,73,28.23,63.09,20.24,78.69,4.084,1.488,1.9721,98.61
B0005,74,27.88,65.39,23.78,77.12,4.088,1.538,1.9712,98.56
B0005,75,27.0,74.35,16.69,77.66,4.049,1.419,1.9712,98.56
B0005,76,29.09,72.08,15.48,76.6,4.084,1.439,1.9703,98.51
B0005,77,28.28,70.38,15.7,80.79,4.069,1.542,1.9707,98.54
B0005,78,27.74,74.24,27.21,78.28,4.094,1.49,1.9711,98.56
B0005,79,29.57,65.17,20.43,81.57,4.084,1.517,1.9695,98.47
B0005,80,28.66,66.1,17.84,79.47,4.086,1.604,1.9687,98.44
B0005,81,30.23,67.39,26.01,77.27,4.062,1.406,1.9687,98.43
B0005,82,28.79,70.15,28.38,80.24,4.095,1.389,1.9685,98.42
B0005,83,29.53,76.17,12.61,81.39,4.069,1.532,1.9672,98.36
B0005,84,32.0,71.45,21.24,79.84,4.095,1.457,1.9671,98.35
B0005,85,29.39,66.18,22.39,82.89,4.064,1.487,1.967,98.35
B0005,86,28.16,66.45,21.89,80.22,4.094,1.568,1.9664,98.32
B0005,87,29.86,85.01,16.13,79.11,4.107,1.533,1.967,98.35
B0005,88,29.33,72.24,14.37,82.35,4.076,1.536,1.965,98.25
B0005,89,30.0,71.79,16.05,85.19,4.097,1.58,1.9652,98.26
B0005,90,28.84,62.08,19.37,84.24,4.037,1.576,1.965,98.25
B0005,91,29.29,66.58,14.94,84.02,4.072,1.436,1.9655,98.27
B0005,92,27.96,67.31,28.35,80.81,4.068,1.486,1.9647,98.24
B0005,93,26.31,69.57,18.85,86.07,4.09,1.487,1.9646,98.23
B0005,94,28.25,90.59,20.3,83.55,4.073,1.493,1.9636,98.18
B0005,95,28.92,65.63,19.84,82.74,4.072,1.487,1.9637,98.18
B0005,96,31.44,48.79,25.46,81.05,4.064,1.481,1.962,98.1
B0005,97,27.97,63.78,14.45,85.76,4.091,1.536,1.9623,98.11
B0005,98,28.34,65.8,22.45,85.6,4.061,1.481,1.9629,98.14
B0005,99,30.58,73.55,18.2,83.29,4.08,1.53,1.9609,98.04
B0005,100,29.38,72.61,13.74,84.83,4.055,1.552,1.9611,98.06
B0005,101,28.94,58.73,12.22,83.43,4.101,1.396,1.9609,98.04
B0005,102,31.85,71.69,19.52,86.19,4.062,1.555,1.9607,98.03
B0005,103,29.98,71.2,18.18,86.31,4.028,1.433,1.9602,98.01
B0005,104,30.77,71.37,19.08,86.63,4.051,1.461,1.9596,97.98
B0005,105,30.14,62.17,22.04,87.83,4.069,1.513,1.9602,98.01
B0005,106,31.11,83.32,25.07,84.63,4.05,1.501,1.9596,97.98
B0005,107,30.58,64.19,20.93,85.89,4.032,1.454,1.9591,97.96
B0005,108,28.37,62.19,25.27,90.97,4.065,1.509,1.9592,97.96
B0005,109,28.99,75.6,17.12,91.2,4.052,1.557,1.9577,97.88
B0005,110,29.21,69.72,28.85,90.31,4.069,1.472,1.9577,97.88
B0005,111,30.84,77.78,23.11,86.73,4.053,1.496,1.9575,97.88
B0005,112,30.86,71.42,13.32,89.03,4.066,1.554,1.9566,97.83
B0005,113,31.14,73.67,19.65,88.95,4.059,1.514,1.9569,97.85
B0005,114,28.64,61.35,25.27,89.6,4.054,1.501,1.9563,97.81
B0005,115,31.33,65.87,20.48,88.2,4.048,1.511,1.9556,97.78
B0005,116,29.66,80.05,15.53,88.42,4.083,1.51,1.9555,97.78
B0005,117,31.5,58.12,21.34,89.52,4.073,1.474,1.9543,97.71
B0005,118,31.98,88.39,18.19,91.79,4.081,1.474,1.9544,97.72
B0005,119,29.82,67.75,13.28,88.32,4.037,1.498,1.9545,97.72
B0005,120,30.63,82.4,15.01,89.81,4.049,1.534,1.9533,97.67
B0005,121,29.04,73.06,20.83,90.78,4.098,1.468,1.9534,97.67
B0005,122,29.78,65.01,17.22,92.35,4.075,1.471,1.9534,97.67
B0005,123,29.44,73.77,17.24,91.18,4.017,1.577,1.9523,97.62
B0005,124,32.63,65.1,18.06,91.65,4.06,1.601,1.9516,97.58
B0005,125,30.29,63.61,13.1,91.27,4.082,1.474,1.9522,97.61
B0005,126,30.8,69.87,25.94,90.91,4.036,1.552,1.9501,97.51
B0005,127,31.38,84.77,22.92,92.73,4.066,1.541,1.9512,97.56
B0005,128,31.2,78.53,25.85,93.15,4.04,1.507,1.9498,97.49
B0005,129,32.07,63.46,21.84,92.41,4.069,1.51,1.9501,97.51
B0005,130,30.71,59.12,23.73,95.88,4.033,1.511,1.9496,97.48
B0005,131,30.98,82.62,19.52,93.81,4.044,1.478,1.949,97.45
B0005,132,30.95,78.59,14.87,92.07,4.066,1.424,1.949,97.45
B0005,133,30.07,73.02,27.83,92.5,4.079,1.428,1.9491,97.45
B0005,134,28.14,73.52,17.49,94.58,4.043,1.472,1.9495,97.48
B0005,135,29.27,76.98,23.25,96.61,4.014,1.424,1.9483,97.41
B0005,136,30.0,69.64,21.22,94.64,4.012,1.572,1.9477,97.38
B0005,137,30.76,78.94,21.71,95.23,4.045,1.532,1.947,97.35
B0005,138,32.49,71.57,23.55,96.8,4.021,1.59,1.9465,97.33
B0005,139,30.88,58.55,20.64,96.11,4.021,1.478,1.9466,97.33
B0005,140,28.69,66.38,7.88,96.16,4.05,1.521,1.9472,97.36
B0005,141,29.82,69.62,19.98,97.56,4.049,1.489,1.9464,97.32
B0005,142,31.05,71.67,9.79,94.6,4.014,1.486,1.9453,97.26
B0005,143,33.2,75.13,17.14,98.01,4.049,1.503,1.9444,97.22
B0005,144,30.3,75.59,21.97,97.11,4.052,1.473,1.9441,97.2
B0005,145,32.68,71.58,30.38,98.97,4.032,1.467,1.9441,97.21
B0005,146,30.55,67.44,22.12,95.78,4.031,1.607,1.9434,97.17
B0005,147,33.24,73.49,20.19,97.82,4.008,1.487,1.9431,97.15
B0005,148,29.19,73.19,23.24,99.43,4.002,1.427,1.9436,97.18
B0005,149,31.49,78.38,28.42,98.99,4.026,1.491,1.9426,97.13
B0005,150,32.31,75.22,12.12,99.77,4.013,1.52,1.9412,97.06
B0005,151,31.88,72.09,17.25,97.83,4.05,1.527,1.9419,97.1
B0005,152,30.87,76.17,5.76,95.54,4.021,1.444,1.9411,97.05
B0005,153,29.79,79.29,17.66,98.26,4.035,1.504,1.9416,97.08
B0005,154,29.83,77.97,17.53,97.89,4.055,1.543,1.9419,97.09
B0005,155,30.99,67.21,18.39,99.51,4.032,1.552,1.9395,96.98
B0005,156,31.72,67.93,19.02,99.07,4.037,1.503,1.9399,97.0
B0005,157,32.34,69.35,20.39,100.68,4.028,1.55,1.9405,97.02
B0005,158,28.02,86.71,19.3,98.06,4.035,1.447,1.9393,96.96
B0005,159,30.78,85.31,19.05,101.16,4.029,1.508,1.9391,96.95
B0005,160,31.99,89.23,19.71,101.72,4.04,1.559,1.9382,96.91
B0005,161,32.35,60.86,28.17,100.8,4.004,1.497,1.9384,96.92
B0005,162,32.01,72.57,22.11,101.38,4.013,1.548,1.9368,96.84
B0005,163,33.07,60.18,22.99,100.48,4.046,1.492,1.9366,96.83
B0005,164,31.82,68.62,20.08,98.92,4.051,1.458,1.9375,96.88
B0005,165,30.51,52.77,16.81,103.75,4.034,1.466,1.9377,96.89
B0005,166,34.44,77.85,18.38,105.02,3.984,1.418,1.9367,96.83
B0005,167,32.99,89.52,26.92,102.83,4.031,1.538,1.935,96.75
B0005,168,32.13,70.83,19.69,101.69,3.98,1.495,1.9357,96.78
B0005,169,30.64,61.17,20.9,103.78,3.98,1.451,1.9347,96.73
B0005,170,32.98,62.14,18.88,101.22,4.016,1.433,1.934,96.7
B0005,171,31.16,72.56,12.04,102.84,4.023,1.511,1.9344,96.72
B0005,172,33.55,71.0,17.85,103.97,4.011,1.502,1.9335,96.68
B0005,173,31.1,64.7,12.99,101.57,3.998,1.464,1.9328,96.64
B0005,174,33.05,67.64,26.24,104.02,3.992,1.607,1.9335,96.67
B0005,175,30.58,72.48,23.17,103.6,4.006,1.502,1.9328,96.64
B0005,176,31.86,77.71,31.05,102.05,4.008,1.629,1.9327,96.64
B0005,177,31.1,83.11,28.39,105.18,4.039,1.481,1.9327,96.64
B0005,178,31.85,65.35,14.93,102.77,4.009,1.462,1.9319,96.6
B0005,179,32.4,57.55,21.65,101.91,4.016,1.561,1.931,96.55
B0005,180,30.7,83.38,22.1,104.97,4.016,1.504,1.9318,96.59
B0005,181,32.83,62.63,20.85,105.17,3.986,1.463,1.9311,96.55
B0005,182,33.7,78.73,23.05,105.13,4.028,1.507,1.9304,96.52
B0005,183,35.03,73.15,20.96,106.11,3.999,1.535,1.9294,96.47
B0005,184,33.42,63.71,13.34,106.84,3.979,1.392,1.93,96.5
B0005,185,32.77,89.94,19.97,106.55,3.999,1.546,1.9284,96.42
B0005,186,31.99,72.14,21.61,108.09,3.995,1.462,1.929,96.45
B0005,187,33.01,62.81,20.14,108.53,4.007,1.499,1.9279,96.4
B0005,188,33.37,81.12,22.79,105.19,3.98,1.485,1.9275,96.37
B0005,189,31.69,68.5,20.28,107.27,4.008,1.503,1.9275,96.38
B0005,190,30.08,62.49,19.28,108.45,4.027,1.561,1.9282,96.41
B0005,191,32.23,81.93,20.74,106.95,3.991,1.481,1.9268,96.34
B0005,192,32.72,71.28,20.02,109.93,4.013,1.426,1.9261,96.31
B0005,193,29.48,77.47,13.17,106.59,3.961,1.527,1.9265,96.32
B0005,194,33.48,65.39,7.04,109.2,3.964,1.509,1.9258,96.29
B0005,195,32.59,74.63,20.6,110.65,3.989,1.499,1.9256,96.28
B0005,196,31.51,66.45,15.58,111.69,3.963,1.419,1.9249,96.25
B0005,197,34.43,68.33,16.65,108.57,4.029,1.534,1.9233,96.16
B0005,198,32.11,87.26,16.97,110.1,4.017,1.578,1.9239,96.19
B0005,199,32.76,63.97,22.3,112.89,3.99,1.482,1.9239,96.2
B0005,200,32.98,59.22,15.14,109.23,3.97,1.527,1.9223,96.12
B0005,201,34.21,75.75,24.98,108.24,4.021,1.484,1.9231,96.15
B0005,202,32.51,80.63,22.78,113.88,3.972,1.546,1.9225,96.13
B0005,203,32.91,72.15,27.64,111.75,4.008,1.482,1.9215,96.08
B0005,204,31.87,61.64,10.17,109.56,3.984,1.486,1.9208,96.04
B0005,205,33.27,76.53,24.3,111.11,3.992,1.488,1.9217,96.09
B0005,206,34.86,73.93,23.67,113.46,3.987,1.435,1.9203,96.01
B0005,207,33.44,64.79,17.36,113.8,3.983,1.515,1.92,96.0
B0005,208,35.04,71.93,33.01,109.57,4.001,1.519,1.9193,95.97
B0005,209,34.57,75.39,19.31,112.04,3.966,1.471,1.9204,96.02
B0005,210,33.76,83.36,21.97,113.27,4.006,1.47,1.9199,96.0
B0005,211,32.92,70.12,16.08,112.74,3.99,1.456,1.9187,95.94
B0005,212,32.59,75.78,18.14,112.6,3.986,1.547,1.9179,95.9
B0005,213,31.44,55.91,12.37,112.59,4.032,1.472,1.9181,95.9
B0005,214,33.4,82.34,30.03,115.54,3.998,1.53,1.9169,95.85
B0005,215,34.14,65.59,15.91,113.67,3.97,1.535,1.9172,95.86
B0005,216,34.38,70.71,27.39,113.83,3.964,1.407,1.9175,95.88
B0005,217,33.16,69.03,27.57,112.88,4.016,1.561,1.9165,95.83
B0005,218,33.99,68.19,15.2,116.27,4.012,1.577,1.9166,95.83
B0005,219,32.74,61.04,20.7,115.32,3.972,1.477,1.9169,95.84
B0005,220,31.44,74.11,17.34,110.77,3.979,1.589,1.9166,95.83
B0005,221,35.38,66.34,16.99,113.92,3.982,1.538,1.9151,95.75
B0005,222,34.89,69.2,18.98,114.39,3.97,1.518,1.9152,95.76
B0005,223,34.54,63.57,27.46,115.86,3.958,1.379,1.9145,95.73
B0005,224,34.53,75.89,18.59,116.94,3.94,1.474,1.9139,95.69
B0005,225,34.46,59.97,21.47,117.07,3.97,1.419,1.9141,95.71
B0005,226,34.93,64.12,15.95,118.41,3.948,1.503,1.9129,95.65
B0005,227,34.08,75.54,20.88,115.67,3.973,1.446,1.9129,95.64
B0005,228,30.09,73.49,24.52,115.48,3.983,1.603,1.9146,95.73
B0005,229,33.65,64.18,19.09,116.48,3.953,1.476,1.9117,95.58
B0005,230,32.51,70.98,28.12,117.26,3.962,1.422,1.912,95.6
B0005,231,34.74,69.38,19.1,118.49,3.951,1.479,1.9097,95.48
B0005,232,35.09,70.91,12.81,117.22,4.004,1.554,1.9103,95.51
B0005,233,33.21,80.25,20.34,119.15,3.947,1.468,1.9105,95.52
B0005,234,35.01,67.32,17.98,119.28,4.005,1.447,1.9105,95.52
B0005,235,33.83,81.3,19.6,117.34,3.974,1.491,1.9096,95.48
B0005,236,35.02,79.5,32.95,119.67,3.966,1.482,1.9092,95.46
B0005,237,34.27,67.64,20.84,117.96,3.986,1.566,1.9084,95.42
B0005,238,33.75,53.03,16.96,119.66,3.941,1.475,1.9083,95.42
B0005,239,34.93,74.37,18.81,119.32,3.943,1.581,1.9084,95.42
B0005,240,33.57,79.74,27.61,119.54,3.969,1.499,1.9077,95.38
B0005,241,32.9,72.59,14.1,119.74,3.964,1.514,1.9073,95.37
B0005,242,33.7,74.69,17.63,118.67,3.963,1.597,1.907,95.35
B0005,243,32.84,64.58,22.57,121.41,3.967,1.532,1.9072,95.36
B0005,244,35.41,73.28,18.79,124.06,3.951,1.451,1.9058,95.29
B0005,245,35.43,69.04,9.14,120.69,3.955,1.517,1.9051,95.26
B0005,246,34.36,75.68,17.82,121.29,3.97,1.531,1.9055,95.28
B0005,247,33.04,78.69,17.32,122.47,3.991,1.489,1.9052,95.26
B0005,248,33.77,69.84,18.48,119.77,3.935,1.447,1.9046,95.23
B0005,249,35.36,83.68,19.48,122.51,3.976,1.454,1.9047,95.23
B0005,250,34.54,77.8,22.51,124.18,3.897,1.534,1.904,95.2
B0005,251,33.5,55.35,22.56,122.76,3.971,1.581,1.9031,95.16
B0005,252,35.89,83.12,23.71,120.79,3.948,1.458,1.9031,95.16
B0005,253,36.95,68.59,20.62,123.52,3.984,1.469,1.9025,95.13
B0005,254,34.61,64.06,13.4,123.59,3.941,1.465,1.9029,95.15
B0005,255,32.72,69.34,12.48,124.04,3.919,1.485,1.9023,95.11
B0005,256,33.53,72.55,26.7,124.25,3.945,1.534,1.903,95.15
B0005,257,34.72,63.98,18.4,126.0,3.946,1.595,1.9019,95.09
B0005,258,34.42,64.33,12.43,122.23,3.954,1.525,1.9019,95.1
B0005,259,32.63,77.16,17.58,127.29,3.961,1.487,1.9013,95.07
B0005,260,33.48,52.79,16.4,123.68,3.944,1.504,1.9005,95.02
B0005,261,34.31,64.8,20.84,123.78,3.974,1.495,1.9,95.0
B0005,262,34.64,75.67,21.17,126.13,3.931,1.518,1.8993,94.97
B0005,263,33.27,70.87,19.83,125.7,3.905,1.473,1.8996,94.98
B0005,264,34.78,71.28,14.86,124.92,3.962,1.521,1.8982,94.91
B0005,265,33.93,84.2,14.03,127.94,3.926,1.57,1.8983,94.92
B0005,266,34.43,72.31,21.3,127.89,3.955,1.413,1.8981,94.9
B0005,267,36.33,56.7,25.16,125.36,3.933,1.445,1.8967,94.84
B0005,268,34.54,67.54,23.9,129.3,3.925,1.49,1.8969,94.85
B0005,269,32.8,63.55,24.82,125.62,3.928,1.499,1.8964,94.82
B0005,270,35.19,63.52,22.12,127.62,3.948,1.5,1.8969,94.85
B0005,271,34.36,69.12,19.56,127.51,3.969,1.528,1.8965,94.83
B0005,272,34.56,75.58,18.33,128.77,3.933,1.522,1.8954,94.77
B0005,273,33.06,60.99,14.03,131.0,3.977,1.532,1.8957,94.78
B0005,274,35.57,55.59,17.29,127.74,3.932,1.476,1.8951,94.75
B0005,275,32.63,75.98,14.64,132.0,3.912,1.373,1.8951,94.76
B0005,276,34.69,78.81,29.79,129.89,3.923,1.495,1.8947,94.73
B0005,277,38.24,57.98,21.27,131.13,3.932,1.515,1.893,94.65
B0005,278,34.62,72.15,18.28,129.15,3.939,1.499,1.8932,94.66
B0005,279,36.47,69.59,11.13,128.64,3.919,1.47,1.8923,94.62
B0005,280,36.8,52.91,35.69,130.57,3.928,1.514,1.892,94.6
B0005,281,35.81,75.16,22.78,130.15,3.926,1.49,1.8922,94.61
B0005,282,36.57,74.75,5.3,131.02,3.928,1.481,1.8914,94.57
B0005,283,36.59,77.58,16.14,129.51,3.901,1.469,1.8911,94.56
B0005,284,36.31,77.63,22.57,131.99,3.913,1.522,1.8908,94.54
B0005,285,36.26,76.03,25.94,132.01,3.947,1.499,1.8902,94.51
B0005,286,34.28,68.7,16.28,131.42,3.91,1.485,1.891,94.55
B0005,287,33.09,71.71,20.01,132.85,3.942,1.42,1.891,94.55
B0005,288,34.48,63.85,15.3,131.92,3.919,1.4,1.8894,94.47
B0005,289,36.19,60.09,20.3,134.49,3.895,1.349,1.8891,94.45
B0005,290,35.67,84.4,26.19,131.97,3.939,1.451,1.8886,94.43
B0005,291,36.06,74.04,25.3,133.64,3.911,1.499,1.8872,94.36
B0005,292,33.39,64.44,17.95,133.36,3.904,1.556,1.8888,94.44
B0005,293,35.54,69.93,18.36,134.68,3.901,1.467,1.8877,94.39
B0005,294,35.21,59.23,15.9,134.98,3.923,1.51,1.8876,94.38
B0005,295,36.62,68.9,21.95,134.36,3.906,1.378,1.8868,94.34
B0005,296,35.47,81.38,24.63,136.08,3.918,1.51,1.8862,94.31
B0005,297,34.92,67.47,23.08,134.28,3.908,1.5,1.8857,94.28
B0005,298,36.42,58.45,8.52,132.84,3.908,1.493,1.8861,94.3
B0005,299,35.18,81.62,21.63,135.86,3.892,1.552,1.8857,94.28
B0005,300,35.66,75.36,14.64,136.36,3.921,1.455,1.8859,94.29
B0005,301,34.74,79.0,14.05,134.15,3.928,1.484,1.884,94.2
B0005,302,36.54,65.65,19.19,134.19,3.93,1.474,1.8844,94.22
B0005,303,35.57,62.05,7.19,139.53,3.925,1.499,1.8843,94.22
B0005,304,35.56,70.18,22.74,137.84,3.924,1.536,1.8839,94.2
B0005,305,36.43,70.16,23.36,135.95,3.9,1.505,1.8827,94.13
B0005,306,37.79,60.09,12.66,136.8,3.914,1.512,1.8825,94.12
B0005,307,35.7,81.92,12.0,136.75,3.877,1.491,1.8829,94.15
B0005,308,37.99,70.17,21.15,136.25,3.902,1.484,1.8824,94.12
B0005,309,37.56,74.46,14.44,138.22,3.93,1.579,1.8814,94.07
B0005,310,34.84,63.51,13.71,138.37,3.926,1.496,1.8816,94.08
B0005,311,35.7,71.21,15.82,135.61,3.913,1.601,1.8799,94.0
B0005,312,36.12,68.48,18.21,140.23,3.86,1.577,1.8809,94.05
B0005,313,34.43,67.87,17.85,136.06,3.917,1.601,1.88,94.0
B0005,314,34.54,71.52,16.69,138.69,3.891,1.524,1.8802,94.01
B0005,315,38.37,68.47,23.6,137.49,3.914,1.574,1.8797,93.98
B0005,316,36.66,67.5,20.0,140.05,3.92,1.477,1.8797,93.99
B0005,317,35.7,72.13,17.82,142.59,3.894,1.482,1.8787,93.94
B0005,318,35.52,75.95,19.09,141.66,3.928,1.47,1.8785,93.92
B0005,319,34.08,78.06,16.58,137.0,3.921,1.439,1.8778,93.89
B0005,320,37.23,70.11,15.23,141.2,3.901,1.529,1.8779,93.89
B0005,321,38.76,57.49,28.09,139.15,3.874,1.491,1.8765,93.83
B0005,322,37.52,68.98,27.56,140.63,3.873,1.518,1.8774,93.87
B0005,323,37.51,66.63,6.98,141.63,3.905,1.562,1.8761,93.8
B0005,324,35.19,75.44,25.96,141.59,3.886,1.496,1.8771,93.85
B0005,325,36.92,66.1,16.62,139.83,3.876,1.534,1.8755,93.77
B0005,326,35.16,75.33,22.31,140.58,3.92,1.451,1.8765,93.83
B0005,327,36.01,73.7,23.92,141.03,3.924,1.587,1.8752,93.76
B0005,328,37.77,70.68,15.96,142.96,3.901,1.57,1.8748,93.74
B0005,329,37.4,57.98,25.26,141.85,3.899,1.6,1.8744,93.72
B0005,330,40.39,74.85,19.08,144.11,3.884,1.59,1.8728,93.64
B0005,331,36.96,73.98,23.33,144.24,3.878,1.472,1.8729,93.65
B0005,332,35.39,73.52,23.89,145.72,3.888,1.533,1.8729,93.64
B0005,333,35.43,66.9,23.48,143.05,3.889,1.424,1.8722,93.61
B0005,334,36.35,77.12,22.88,143.79,3.889,1.467,1.8721,93.6
B0005,335,37.64,73.37,22.46,140.72,3.914,1.476,1.8719,93.6
B0005,336,35.8,75.55,18.04,145.13,3.901,1.432,1.8714,93.57
B0005,337,38.32,72.09,18.15,141.83,3.898,1.449,1.8706,93.53
B0005,338,35.27,57.82,25.56,146.93,3.873,1.415,1.8716,93.58
B0005,339,35.58,79.89,19.22,145.17,3.895,1.556,1.8706,93.53
B0005,340,38.69,67.12,13.37,145.61,3.865,1.452,1.8698,93.49
B0005,341,37.4,69.61,20.16,145.09,3.866,1.545,1.8698,93.49
B0005,342,38.26,55.23,15.35,144.69,3.883,1.428,1.8697,93.48
B0005,343,35.94,61.97,21.04,144.85,3.887,1.473,1.8691,93.45
B0005,344,36.75,83.39,26.7,147.39,3.897,1.443,1.8692,93.46
B0005,345,38.09,82.3,14.39,147.97,3.885,1.528,1.8682,93.41
B0005,346,37.54,73.13,13.37,148.52,3.874,1.498,1.8669,93.34
B0005,347,35.33,74.11,22.86,148.63,3.871,1.528,1.8675,93.37
B0005,348,35.97,69.81,19.13,146.66,3.877,1.541,1.8668,93.34
B0005,349,36.7,57.15,28.75,145.57,3.894,1.475,1.866,93.3
B0005,350,37.57,72.35,18.83,146.63,3.86,1.458,1.8666,93.33
B0005,351,37.2,64.27,23.41,147.14,3.882,1.525,1.8651,93.26
B0005,352,37.88,70.61,23.71,146.38,3.895,1.544,1.8651,93.25
B0005,353,36.43,70.3,23.42,150.03,3.921,1.461,1.8654,93.27
B0005,354,35.72,72.43,23.61,150.87,3.845,1.535,1.8649,93.24
B0005,355,36.68,83.76,29.96,148.11,3.892,1.481,1.8645,93.23
B0005,356,37.38,70.2,10.4,148.17,3.864,1.572,1.8639,93.2
B0005,357,35.96,76.51,18.61,150.61,3.878,1.529,1.864,93.2
B0005,358,38.66,67.35,16.94,148.46,3.932,1.562,1.8633,93.16
B0005,359,35.9,59.42,22.41,150.78,3.865,1.494,1.8628,93.14
B0005,360,37.95,70.69,8.9,148.94,3.875,1.649,1.8622,93.11
B0006,1,27.43,73.86,22.1,63.43,4.113,1.524,1.9985,99.92
B0006,2,25.24,74.44,15.41,60.08,4.158,1.546,1.9989,99.95
B0006,3,24.89,70.44,16.45,60.38,4.132,1.621,1.9994,99.97
B0006,4,26.93,58.98,17.18,64.22,4.102,1.406,1.9975,99.87
B0006,5,28.69,73.12,15.66,60.0,4.138,1.516,1.9966,99.83
B0006,6,27.58,61.89,20.43,61.89,4.117,1.48,1.9976,99.88
B0006,7,25.31,75.21,24.29,61.82,4.106,1.485,1.9972,99.86
B0006,8,26.47,90.97,14.44,63.59,4.138,1.588,1.9958,99.79
B0006,9,27.01,73.11,19.73,64.0,4.119,1.434,1.9953,99.76
B0006,10,26.35,63.6,19.68,61.91,4.132,1.503,1.995,99.75
B0006,11,27.64,52.02,16.97,64.61,4.12,1.406,1.9951,99.76
B0006,12,27.4,64.92,14.05,62.77,4.119,1.39,1.995,99.75
B0006,13,27.76,80.2,23.26,62.96,4.13,1.53,1.995,99.75
B0006,14,27.52,64.13,20.41,65.75,4.141,1.539,1.9939,99.69
B0006,15,26.84,81.28,22.05,65.88,4.141,1.478,1.994,99.7
B0006,16,26.2,72.37,22.32,64.53,4.161,1.554,1.9933,99.66
B0006,17,27.03,77.53,14.84,67.03,4.12,1.458,1.9928,99.64
B0006,18,26.05,61.28,16.08,62.43,4.129,1.545,1.9928,99.64
B0006,19,25.77,82.15,22.55,63.81,4.144,1.445,1.9922,99.61
B0006,20,27.96,71.37,22.77,63.66,4.138,1.453,1.9924,99.62
B0006,21,27.48,59.06,24.24,66.07,4.136,1.465,1.9922,99.61
B0006,22,27.65,72.08,17.31,62.58,4.133,1.422,1.9915,99.57
B0006,23,27.1,67.89,23.4,65.27,4.138,1.517,1.9912,99.56
B0006,24,27.39,73.75,12.32,67.0,4.101,1.488,1.99,99.5
B0006,25,27.0,68.92,21.67,67.98,4.093,1.531,1.9892,99.46
B0006,26,28.67,73.09,25.45,68.2,4.124,1.552,1.9882,99.41
B0006,27,27.28,70.19,18.24,65.65,4.151,1.525,1.9883,99.41
B0006,28,25.45,72.94,9.5,68.37,4.106,1.506,1.989,99.45
B0006,29,29.51,65.95,14.71,70.35,4.115,1.551,1.9872,99.36
B0006,30,28.8,64.06,17.57,70.18,4.126,1.456,1.9869,99.34
B0006,31,29.61,65.75,18.32,70.2,4.131,1.521,1.9868,99.34
B0006,32,27.81,70.35,22.79,67.53,4.121,1.442,1.9883,99.41
B0006,33,27.75,68.36,28.78,67.67,4.113,1.496,1.9862,99.31
B0006,34,26.77,71.56,16.21,69.43,4.126,1.46,1.9873,99.37
B0006,35,28.42,64.95,21.27,68.81,4.123,1.474,1.9855,99.28
B0006,36,27.14,68.35,16.27,66.72,4.105,1.486,1.986,99.3
B0006,37,27.1,68.07,19.69,70.61,4.098,1.44,1.9855,99.28
B0006,38,26.18,66.1,18.24,67.57,4.104,1.509,1.9856,99.28
B0006,39,28.18,65.54,17.94,69.72,4.094,1.529,1.9852,99.26
B0006,40,25.35,67.12,21.51,74.07,4.113,1.45,1.9847,99.23
B0006,41,27.41,55.79,19.6,71.67,4.097,1.494,1.984,99.2
B0006,42,26.79,83.91,18.39,71.85,4.117,1.518,1.9827,99.13
B0006,43,28.06,54.58,18.61,70.78,4.08,1.497,1.9825,99.13
B0006,44,29.66,79.98,19.69,70.58,4.073,1.454,1.9819,99.1
B0006,45,29.52,67.81,18.78,74.18,4.136,1.611,1.9822,99.11
B0006,46,27.48,72.36,12.42,69.88,4.111,1.445,1.981,99.05
B0006,47,27.0,63.3,16.96,70.94,4.122,1.445,1.9822,99.11
B0006,48,28.0,79.74,17.43,71.68,4.128,1.51,1.9817,99.08
B0006,49,27.13,73.87,14.49,72.94,4.096,1.458,1.9807,99.04
B0006,50,26.73,74.28,26.14,73.21,4.06,1.471,1.981,99.05
B0006,51,27.79,62.72,15.32,73.23,4.098,1.388,1.9804,99.02
B0006,52,25.31,65.15,22.29,72.16,4.091,1.569,1.9816,99.08
B0006,53,27.42,73.06,20.71,74.36,4.103,1.525,1.9806,99.03
B0006,54,32.63,53.33,28.62,74.06,4.098,1.479,1.9781,98.9
B0006,55,27.26,72.64,12.41,73.21,4.077,1.477,1.9783,98.92
B0006,56,29.48,65.72,21.79,75.19,4.111,1.592,1.9783,98.92
B0006,57,27.79,75.35,20.49,73.29,4.113,1.49,1.9771,98.86
B0006,58,27.96,70.73,21.26,74.87,4.128,1.549,1.9776,98.88
B0006,59,29.11,66.36,15.55,76.18,4.124,1.47,1.9764,98.82
B0006,60,27.82,56.88,18.04,74.41,4.108,1.49,1.9761,98.81
B0006,61,28.51,60.82,20.43,74.92,4.062,1.56,1.9778,98.89
B0006,62,29.09,73.73,27.61,78.16,4.109,1.488,1.9763,98.81
B0006,63,29.55,61.15,15.88,75.04,4.072,1.561,1.9753,98.77
B0006,64,27.9,72.82,17.15,76.39,4.053,1.497,1.9762,98.81
B0006,65,26.6,85.9,24.56,78.19,4.072,1.527,1.975,98.75
B0006,66,28.51,72.11,26.36,77.05,4.057,1.452,1.9738,98.69
B0006,67,28.16,70.75,14.35,79.19,4.099,1.504,1.9728,98.64
B0006,68,28.08,62.38,20.39,75.23,4.097,1.492,1.9733,98.67
B0006,69,26.07,63.12,17.93,78.18,4.061,1.524,1.973,98.65
B0006,70,26.54,78.66,17.64,79.53,4.06,1.43,1.9732,98.66
B0006,71,27.72,78.31,12.4,77.03,4.099,1.56,1.9739,98.69
B0006,72,27.9,66.71,25.77,77.4,4.09,1.522,1.9733,98.66
B0006,73,27.87,70.28,7.56,78.96,4.065,1.503,1.9723,98.61
B0006,74,29.05,67.26,20.85,78.24,4.097,1.508,1.9717,98.58
B0006,75,27.84,71.79,23.57,80.46,4.075,1.521,1.9722,98.61
B0006,76,30.01,59.03,16.45,77.92,4.119,1.457,1.9703,98.51
B0006,77,27.94,71.64,13.99,79.76,4.075,1.495,1.9707,98.53
B0006,78,28.0,57.88,21.61,79.66,4.086,1.535,1.969,98.45
B0006,79,27.14,83.62,21.01,78.77,4.118,1.539,1.9689,98.45
B0006,80,29.36,71.87,18.76,80.33,4.04,1.444,1.9685,98.42
B0006,81,28.5,72.48,19.72,77.44,4.085,1.409,1.9681,98.41
B0006,82,29.67,69.24,22.1,82.45,4.097,1.529,1.9689,98.44
B0006,83,28.63,74.64,16.47,83.35,4.097,1.464,1.9674,98.37
B0006,84,29.25,59.65,22.86,78.32,4.056,1.486,1.967,98.35
B0006,85,28.48,60.32,21.94,81.02,4.061,1.552,1.9674,98.37
B0006,86,30.86,66.13,16.94,81.09,4.073,1.537,1.9662,98.31
B0006,87,26.61,80.55,20.36,81.64,4.074,1.413,1.9671,98.36
B0006,88,30.73,70.33,22.22,80.61,4.085,1.487,1.9652,98.26
B0006,89,29.98,52.98,19.5,82.96,4.082,1.465,1.9659,98.29
B0006,90,28.14,69.11,15.52,82.05,4.015,1.481,1.965,98.25
B0006,91,27.78,56.95,13.81,84.8,4.076,1.47,1.9651,98.26
B0006,92,29.6,66.33,16.53,80.43,4.066,1.508,1.9648,98.24
B0006,93,28.97,66.67,15.27,81.36,4.088,1.45,1.9641,98.21
B0006,94,28.21,58.27,17.49,84.36,4.088,1.526,1.9636,98.18
B0006,95,27.82,67.35,16.1,82.07,4.088,1.545,1.9629,98.14
B0006,96,31.37,66.72,23.56,83.27,4.038,1.406,1.9616,98.08
B0006,97,30.06,54.93,18.14,84.63,4.075,1.511,1.9623,98.11
B0006,98,30.77,62.38,16.62,85.82,4.083,1.523,1.9623,98.11
B0006,99,30.68,60.58,28.34,86.03,4.1,1.417,1.9607,98.03
B0006,100,28.66,64.12,23.61,86.18,4.091,1.535,1.962,98.1
B0006,101,29.66,62.1,15.77,86.57,4.062,1.479,1.9603,98.01
B0006,102,26.92,61.43,29.56,85.79,4.083,1.437,1.9617,98.08
B0006,103,29.61,77.5,20.06,83.45,4.086,1.491,1.9588,97.94
B0006,104,30.34,73.53,16.33,83.3,4.077,1.515,1.9599,97.99
B0006,105,30.21,78.46,21.84,85.01,4.048,1.559,1.9596,97.98
B0006,106,31.2,68.1,20.23,88.33,4.072,1.597,1.9594,97.97
B0006,107,28.45,66.98,21.16,86.54,4.043,1.544,1.9585,97.93
B0006,108,30.4,62.67,26.78,87.35,4.06,1.528,1.9577,97.88
B0006,109,28.53,70.24,9.24,85.02,4.091,1.483,1.9578,97.89
B0006,110,29.34,64.98,18.56,83.89,4.087,1.517,1.9572,97.86
B0006,111,28.18,61.4,28.38,86.02,4.081,1.517,1.9584,97.92
B0006,112,28.53,71.73,14.87,89.69,4.065,1.518,1.9567,97.84
B0006,113,31.8,70.0,14.09,91.53,4.032,1.482,1.9557,97.78
B0006,114,30.21,69.57,15.09,92.15,4.055,1.455,1.9551,97.76
B0006,115,27.89,72.06,25.52,88.85,4.042,1.445,1.9555,97.78
B0006,116,30.78,77.31,12.27,90.03,4.08,1.433,1.9544,97.72
B0006,117,28.17,68.81,22.51,90.45,4.046,1.449,1.9543,97.72
B0006,118,31.31,62.28,28.14,92.0,4.063,1.493,1.9543,97.72
B0006,119,29.24,67.27,22.14,88.96,4.048,1.504,1.9541,97.7
B0006,120,27.34,73.67,15.1,87.47,4.017,1.432,1.955,97.75
B0006,121,29.07,85.63,17.37,90.92,4.051,1.496,1.9538,97.69
B0006,122,28.52,81.61,29.04,88.97,4.044,1.452,1.9541,97.71
B0006,123,30.59,64.17,30.83,91.21,4.068,1.555,1.9521,97.61
B0006,124,29.34,63.47,20.39,91.33,4.015,1.46,1.952,97.6
B0006,125,29.96,69.39,29.86,92.05,4.075,1.614,1.9526,97.63
B0006,126,29.59,73.93,22.85,91.45,4.054,1.373,1.9515,97.57
B0006,127,30.92,71.01,18.89,90.93,4.038,1.6,1.95,97.5
B0006,128,29.14,65.6,19.26,92.42,4.018,1.473,1.9507,97.53
B0006,129,29.44,69.38,22.13,89.69,4.067,1.513,1.9503,97.52
B0006,130,31.86,73.55,25.51,94.64,4.051,1.495,1.9497,97.49
B0006,131,32.95,77.11,22.87,90.92,4.049,1.507,1.9495,97.48
B0006,132,29.52,71.13,27.94,91.39,4.04,1.46,1.9493,97.46
B0006,133,29.82,66.69,17.61,93.09,4.029,1.354,1.9498,97.49
B0006,134,32.78,78.71,18.12,91.88,4.075,1.595,1.948,97.4
B0006,135,30.53,78.19,20.88,93.17,4.042,1.477,1.9489,97.45
B0006,136,30.11,69.27,19.6,92.5,4.025,1.436,1.9478,97.39
B0006,137,31.58,53.15,25.77,93.96,3.985,1.482,1.9466,97.33
B0006,138,30.36,61.92,17.42,95.66,4.017,1.42,1.9463,97.31
B0006,139,30.07,68.29,22.48,95.6,4.074,1.541,1.9468,97.34
B0006,140,30.44,68.53,18.22,94.21,4.037,1.503,1.9456,97.28
B0006,141,29.92,59.02,21.61,96.08,4.023,1.561,1.9461,97.3
B0006,142,29.5,83.7,11.26,96.32,4.017,1.521,1.9454,97.27
B0006,143,32.12,52.27,22.51,94.34,4.067,1.471,1.9459,97.3
B0006,144,29.21,68.42,30.34,94.42,4.064,1.593,1.946,97.3
B0006,145,30.52,60.09,30.48,97.42,4.014,1.498,1.9437,97.19
B0006,146,30.48,72.65,27.26,95.03,4.059,1.516,1.9434,97.17
B0006,147,31.53,81.73,14.44,96.06,3.999,1.517,1.9436,97.18
B0006,148,33.75,55.28,19.84,97.36,4.026,1.435,1.9423,97.12
B0006,149,31.04,63.95,9.05,98.85,4.028,1.511,1.9421,97.11
B0006,150,32.08,71.79,24.52,99.6,4.032,1.51,1.9421,97.11
B0006,151,29.3,72.3,15.84,96.6,4.007,1.606,1.9424,97.12
B0006,152,32.45,85.36,13.89,96.19,4.014,1.454,1.9414,97.07
B0006,153,32.37,66.83,25.34,101.85,3.992,1.563,1.9409,97.04
B0006,154,32.29,62.21,25.04,98.33,4.008,1.464,1.9401,97.0
B0006,155,33.4,70.01,23.91,97.7,4.046,1.433,1.9404,97.02
B0006,156,30.48,70.27,20.56,99.68,4.036,1.537,1.9404,97.02
B0006,157,29.82,67.73,25.97,97.32,4.031,1.401,1.9395,96.97
B0006,158,31.09,85.18,15.26,100.71,3.989,1.468,1.94,97.0
B0006,159,31.78,64.93,18.82,100.54,4.025,1.483,1.9384,96.92
B0006,160,31.54,69.01,22.29,99.83,4.0,1.498,1.9387,96.93
B0006,161,30.15,61.09,21.29,101.53,4.009,1.52,1.9383,96.92
B0006,162,31.82,73.56,15.87,101.19,4.018,1.396,1.9375,96.88
B0006,163,31.38,87.7,18.2,101.4,4.023,1.56,1.9377,96.89
B0006,164,29.7,75.85,22.95,101.6,4.037,1.544,1.9374,96.87
B0006,165,29.87,76.56,19.68,101.46,4.013,1.56,1.9369,96.84
B0006,166,31.17,61.04,18.03,103.47,4.026,1.457,1.9362,96.81
B0006,167,34.29,72.12,26.38,102.72,4.031,1.561,1.9352,96.76
B0006,168,32.6,76.98,18.42,102.62,4.032,1.489,1.9355,96.77
B0006,169,32.64,81.62,15.42,102.15,4.02,1.474,1.9353,96.76
B0006,170,33.02,73.39,20.2,100.61,4.02,1.393,1.9352,96.76
B0006,171,32.64,68.73,36.22,102.69,4.01,1.55,1.9332,96.66
B0006,172,33.5,56.9,11.07,104.0,4.02,1.553,1.9339,96.7
B0006,173,30.04,51.47,24.29,100.29,4.016,1.54,1.9343,96.71
B0006,174,31.37,66.34,19.2,101.56,3.997,1.526,1.9338,96.69
B0006,175,31.93,71.34,15.02,100.59,4.015,1.571,1.9331,96.65
B0006,176,29.81,65.31,21.65,103.44,3.995,1.402,1.9326,96.63
B0006,177,31.73,86.34,21.39,104.85,4.006,1.459,1.9322,96.61
B0006,178,32.62,71.81,20.09,106.56,4.018,1.472,1.932,96.6
B0006,179,32.87,66.02,16.09,102.22,4.018,1.408,1.9313,96.57
B0006,180,30.22,53.4,19.57,104.58,3.985,1.441,1.9316,96.58
B0006,181,32.28,65.6,21.58,105.61,4.03,1.529,1.931,96.55
B0006,182,31.26,72.06,18.8,105.13,4.001,1.511,1.9303,96.51
B0006,183,30.59,61.87,13.06,103.96,4.008,1.455,1.9309,96.55
B0006,184,32.43,70.28,10.16,107.36,3.981,1.521,1.9292,96.46
B0006,185,30.82,70.78,13.68,105.72,3.999,1.48,1.93,96.5
B0006,186,30.45,66.8,21.35,106.87,3.987,1.559,1.9291,96.45
B0006,187,30.49,73.9,25.91,106.57,3.989,1.552,1.9283,96.42
B0006,188,30.23,62.24,18.01,107.72,3.979,1.484,1.9277,96.38
B0006,189,31.23,64.32,24.89,109.73,4.012,1.555,1.9283,96.42
B0006,190,31.44,68.8,12.83,108.36,4.023,1.445,1.9273,96.37
B0006,191,31.59,68.79,13.02,106.81,3.994,1.477,1.9265,96.33
B0006,192,31.11,69.94,18.92,107.0,4.003,1.583,1.9269,96.34
B0006,193,32.25,77.97,13.05,106.73,3.967,1.463,1.926,96.3
B0006,194,33.54,77.6,21.22,108.28,4.001,1.509,1.9263,96.31
B0006,195,29.93,62.88,19.68,105.57,3.994,1.507,1.9255,96.27
B0006,196,33.19,75.54,22.91,106.23,3.988,1.55,1.9254,96.27
B0006,197,33.88,75.68,22.15,108.56,3.99,1.583,1.9243,96.21
B0006,198,31.1,82.92,18.39,107.55,4.005,1.463,1.9238,96.19
B0006,199,30.57,71.75,25.05,107.56,3.991,1.496,1.9247,96.24
B0006,200,32.95,77.6,19.7,110.53,3.983,1.419,1.9225,96.13
B0006,201,32.01,67.31,24.8,108.63,3.994,1.534,1.9228,96.14
B0006,202,34.19,77.1,23.8,111.23,4.013,1.433,1.9224,96.12
B0006,203,31.96,63.82,21.9,110.04,3.941,1.479,1.9216,96.08
B0006,204,33.51,74.3,22.14,109.21,3.999,1.458,1.9218,96.09
B0006,205,35.06,74.56,17.1,111.25,3.981,1.556,1.9214,96.07
B0006,206,32.7,64.15,29.45,112.79,3.972,1.518,1.921,96.05
B0006,207,32.88,54.88,30.08,111.36,3.963,1.517,1.9198,95.99
B0006,208,32.64,72.85,20.96,114.32,3.993,1.448,1.9201,96.0
B0006,209,34.2,83.12,35.76,112.75,3.941,1.528,1.9199,96.0
B0006,210,31.94,85.39,16.13,111.85,3.944,1.538,1.9205,96.02
B0006,211,30.15,70.23,9.61,115.29,3.986,1.457,1.9199,95.99
B0006,212,32.62,70.14,22.36,113.99,3.926,1.469,1.9192,95.96
B0006,213,32.1,75.07,20.11,111.85,3.986,1.496,1.9191,95.96
B0006,214,32.02,66.15,23.48,113.46,4.023,1.429,1.9186,95.93
B0006,215,30.52,76.27,16.61,112.67,3.975,1.58,1.9183,95.91
B0006,216,33.74,76.9,12.92,109.84,3.966,1.548,1.9178,95.89
B0006,217,33.42,68.23,19.89,114.65,3.992,1.419,1.9175,95.88
B0006,218,33.19,77.46,17.92,118.9,3.97,1.52,1.916,95.8
B0006,219,31.98,71.45,22.3,113.39,3.981,1.573,1.9158,95.79
B0006,220,33.43,77.7,18.81,115.59,3.955,1.516,1.9154,95.77
B0006,221,31.73,64.94,20.95,113.6,3.997,1.529,1.9154,95.77
B0006,222,32.11,57.7,19.28,115.77,3.966,1.4,1.9155,95.78
B0006,223,32.52,67.56,23.17,118.38,3.932,1.566,1.915,95.75
B0006,224,32.74,76.88,20.4,115.62,3.95,1.571,1.9134,95.67
B0006,225,32.91,71.77,26.17,117.24,3.958,1.493,1.9144,95.72
B0006,226,33.16,58.0,16.11,118.04,3.968,1.512,1.9127,95.63
B0006,227,32.75,80.85,19.0,118.63,3.952,1.578,1.9129,95.64
B0006,228,31.3,83.04,18.14,114.29,3.963,1.448,1.913,95.65
B0006,229,32.43,68.9,24.79,117.83,3.946,1.456,1.9126,95.63
B0006,230,35.35,64.12,28.28,117.68,3.989,1.564,1.9116,95.58
B0006,231,33.09,66.89,19.72,119.25,3.965,1.531,1.9114,95.57
B0006,232,35.22,73.05,21.56,114.18,3.978,1.495,1.9114,95.57
B0006,233,32.67,71.95,19.7,118.53,3.95,1.55,1.9107,95.54
B0006,234,33.05,74.21,17.61,118.75,3.965,1.524,1.9108,95.54
B0006,235,33.02,55.31,17.84,118.48,3.959,1.549,1.9097,95.48
B0006,236,32.52,57.66,19.2,117.66,3.961,1.525,1.9101,95.5
B0006,237,33.39,72.46,29.07,119.79,3.952,1.458,1.9096,95.48
B0006,238,32.73,66.17,21.8,118.66,3.954,1.497,1.9078,95.39
B0006,239,33.94,72.11,26.42,116.22,3.954,1.555,1.9097,95.49
B0006,240,31.62,45.94,22.86,118.47,3.942,1.452,1.9087,95.44
B0006,241,33.66,64.99,22.47,118.99,3.938,1.487,1.9093,95.46
B0006,242,32.91,76.38,10.7,121.47,3.995,1.476,1.9076,95.38
B0006,243,33.97,55.57,8.04,120.94,3.981,1.431,1.9064,95.32
B0006,244,34.24,84.95,22.1,121.19,3.925,1.568,1.9063,95.32
B0006,245,32.91,74.04,12.18,123.5,3.947,1.573,1.9069,95.35
B0006,246,33.58,55.26,24.46,122.69,3.955,1.423,1.9059,95.3
B0006,247,33.9,87.57,22.46,123.53,3.957,1.51,1.9053,95.27
B0006,248,32.42,71.87,25.18,124.25,3.95,1.456,1.9056,95.28
B0006,249,34.96,67.71,23.8,122.34,3.963,1.515,1.9044,95.22
B0006,250,31.4,61.03,24.65,121.83,3.926,1.446,1.9049,95.24
B0006,251,31.4,69.19,17.01,122.72,3.959,1.605,1.905,95.25
B0006,252,32.04,79.28,24.87,123.4,3.941,1.509,1.9043,95.22
B0006,253,35.7,74.84,22.54,121.2,3.948,1.56,1.903,95.15
B0006,254,32.08,61.56,20.63,122.38,3.942,1.432,1.9039,95.19
B0006,255,32.78,75.63,13.46,122.87,3.964,1.49,1.9036,95.18
B0006,256,33.42,70.35,11.27,124.74,3.939,1.55,1.902,95.1
B0006,257,32.65,79.02,20.77,124.35,3.945,1.561,1.902,95.1
B0006,258,32.74,63.9,25.18,125.97,3.979,1.48,1.9018,95.09
B0006,259,34.88,60.77,23.77,125.65,3.932,1.417,1.9005,95.02
B0006,260,34.7,53.49,18.41,125.5,3.983,1.551,1.8998,94.99
B0006,261,33.34,70.22,19.76,123.93,3.934,1.398,1.901,95.05
B0006,262,34.21,68.01,11.64,126.74,3.947,1.484,1.8997,94.98
B0006,263,34.89,75.44,21.54,126.31,3.966,1.47,1.8995,94.98
B0006,264,36.73,65.79,20.16,126.51,3.907,1.473,1.8988,94.94
B0006,265,32.93,71.08,24.97,122.86,3.985,1.515,1.8985,94.92
B0006,266,33.34,71.26,20.88,126.89,3.928,1.48,1.8991,94.95
B0006,267,33.48,58.54,20.73,127.7,3.955,1.516,1.8977,94.88
B0006,268,33.69,76.72,13.21,125.68,3.962,1.547,1.8979,94.9
B0006,269,34.95,78.58,15.6,127.24,3.955,1.494,1.8969,94.85
B0006,270,33.93,74.33,24.38,127.54,3.916,1.375,1.8971,94.86
B0006,271,34.66,74.87,21.31,127.31,3.893,1.568,1.8972,94.86
B0006,272,33.15,80.04,24.73,126.41,3.945,1.458,1.8967,94.83
B0006,273,34.61,66.14,11.09,128.66,3.924,1.472,1.8968,94.84
B0006,274,35.35,79.39,18.64,129.42,3.906,1.511,1.8951,94.76
B0006,275,35.21,75.44,10.32,127.59,3.937,1.524,1.8949,94.75
B0006,276,36.37,66.04,17.51,129.68,3.958,1.514,1.8936,94.68
B0006,277,33.22,59.33,12.24,131.21,3.967,1.542,1.8939,94.7
B0006,278,36.03,65.36,14.22,130.37,3.933,1.519,1.8927,94.64
B0006,279,35.05,80.27,26.47,131.22,3.94,1.477,1.8928,94.64
B0006,280,35.6,58.84,25.27,130.58,3.913,1.528,1.8932,94.66
B0006,281,34.68,57.24,22.1,131.72,3.928,1.52,1.8927,94.64
B0006,282,33.61,65.29,17.71,133.21,3.91,1.554,1.8918,94.59
B0006,283,32.18,60.45,15.21,128.47,3.938,1.489,1.8927,94.63
B0006,284,35.27,75.52,21.33,131.08,3.903,1.553,1.8912,94.56
B0006,285,34.14,62.52,19.11,130.75,3.934,1.517,1.8916,94.58
B0006,286,33.8,66.1,25.37,134.78,3.946,1.557,1.8906,94.53
B0006,287,33.24,76.11,19.73,132.15,3.943,1.525,1.8905,94.52
B0006,288,33.88,75.94,16.81,131.71,3.92,1.538,1.8899,94.5
B0006,289,33.72,85.56,10.89,132.93,3.934,1.495,1.89,94.5
B0006,290,34.93,73.28,18.84,133.99,3.938,1.452,1.8883,94.42
B0006,291,34.93,67.6,14.97,132.14,3.935,1.446,1.8884,94.42
B0006,292,37.12,62.83,21.1,132.38,3.939,1.439,1.8876,94.38
B0006,293,36.83,70.11,17.02,134.65,3.907,1.463,1.8878,94.39
B0006,294,34.85,60.58,29.1,134.91,3.922,1.451,1.8877,94.39
B0006,295,35.14,76.27,19.06,135.52,3.935,1.477,1.8864,94.32
B0006,296,33.88,65.09,20.98,130.93,3.921,1.508,1.8866,94.33
B0006,297,34.87,80.33,22.11,134.13,3.936,1.582,1.8861,94.31
B0006,298,36.81,61.26,18.73,135.42,3.929,1.458,1.8859,94.29
B0006,299,35.35,53.84,27.21,135.0,3.909,1.557,1.8858,94.29
B0006,300,31.89,69.87,19.47,137.7,3.895,1.539,1.8861,94.31
B0006,301,35.75,80.09,16.66,137.07,3.921,1.423,1.8849,94.24
B0006,302,34.71,73.09,24.19,131.29,3.928,1.439,1.8848,94.24
B0006,303,32.96,47.34,24.07,135.52,3.941,1.532,1.885,94.25
B0006,304,37.35,58.86,19.83,135.8,3.907,1.531,1.8842,94.21
B0006,305,35.5,74.99,23.52,136.04,3.893,1.512,1.8823,94.11
B0006,306,34.51,81.86,18.58,135.93,3.925,1.492,1.8835,94.17
B0006,307,34.73,83.32,15.72,137.9,3.876,1.524,1.8828,94.14
B0006,308,34.27,76.58,15.19,138.86,3.924,1.513,1.882,94.1
B0006,309,35.29,65.39,27.36,135.86,3.923,1.46,1.8821,94.1
B0006,310,34.45,58.45,17.59,138.02,3.926,1.526,1.8819,94.09
B0006,311,35.4,68.41,22.55,138.17,3.897,1.45,1.8804,94.02
B0006,312,33.92,75.33,22.89,137.99,3.934,1.476,1.8807,94.04
B0006,313,36.83,69.69,16.96,139.09,3.912,1.504,1.8798,93.99
B0006,314,35.67,89.11,25.92,138.89,3.924,1.526,1.8795,93.97
B0006,315,35.78,67.57,19.6,139.13,3.894,1.58,1.8811,94.05
B0006,316,35.8,60.49,19.75,139.86,3.908,1.548,1.8797,93.98
B0006,317,34.86,70.27,13.17,140.23,3.911,1.5,1.8785,93.93
B0006,318,36.33,82.83,18.57,138.08,3.886,1.505,1.8781,93.91
B0006,319,37.19,67.95,18.82,139.13,3.907,1.425,1.8781,93.91
B0006,320,37.43,64.68,23.61,141.16,3.912,1.519,1.878,93.9
B0006,321,34.73,72.0,14.08,141.96,3.913,1.501,1.8775,93.88
B0006,322,34.78,75.16,20.1,141.77,3.897,1.56,1.8781,93.91
B0006,323,34.67,44.59,21.4,138.4,3.881,1.638,1.8765,93.82
B0006,324,35.65,75.85,16.75,140.83,3.892,1.48,1.8775,93.87
B0006,325,35.91,72.11,19.25,142.12,3.856,1.397,1.8764,93.82
B0006,326,36.96,74.06,19.71,140.59,3.891,1.42,1.8758,93.79
B0006,327,35.22,75.22,27.14,143.04,3.855,1.533,1.8755,93.77
B0006,328,35.17,72.46,18.76,140.93,3.908,1.486,1.874,93.7
B0006,329,35.97,68.53,15.77,142.34,3.898,1.504,1.8744,93.72
B0006,330,37.15,77.39,14.75,140.96,3.906,1.531,1.8732,93.66
B0006,331,33.93,70.74,17.66,144.89,3.877,1.46,1.8744,93.72
B0006,332,36.34,75.48,19.29,144.06,3.846,1.474,1.8723,93.61
B0006,333,35.61,73.83,6.88,144.34,3.892,1.559,1.8714,93.57
B0006,334,39.13,76.97,24.74,143.54,3.88,1.459,1.8716,93.58
B0006,335,35.52,59.2,19.62,144.15,3.888,1.507,1.8729,93.65
B0006,336,35.75,94.61,26.8,144.49,3.875,1.449,1.8723,93.61
B0006,337,34.8,73.46,16.59,145.95,3.913,1.457,1.871,93.55
B0006,338,37.0,75.06,17.63,147.1,3.888,1.532,1.8709,93.54
B0006,339,35.48,60.25,17.15,143.35,3.887,1.416,1.8704,93.52
B0006,340,35.15,75.37,23.02,143.62,3.866,1.481,1.8706,93.53
B0006,341,37.3,77.43,17.52,145.81,3.867,1.474,1.8702,93.51
B0006,342,38.14,76.62,20.79,145.99,3.904,1.481,1.8695,93.48
B0006,343,38.21,80.34,28.32,146.87,3.91,1.522,1.8684,93.42
B0006,344,36.01,66.41,21.19,145.93,3.904,1.39,1.8692,93.46
B0006,345,38.49,78.98,17.7,146.51,3.906,1.549,1.8675,93.37
B0006,346,34.99,74.7,18.97,145.59,3.916,1.552,1.868,93.4
B0006,347,35.82,59.32,18.07,147.31,3.904,1.539,1.8674,93.37
B0006,348,37.9,72.61,13.05,148.81,3.876,1.525,1.8668,93.34
B0006,349,36.38,61.76,19.38,146.49,3.874,1.453,1.8663,93.32
B0006,350,38.14,67.64,27.26,147.66,3.857,1.396,1.8653,93.26
B0006,351,35.06,59.01,26.89,148.52,3.832,1.44,1.8661,93.31
B0006,352,37.92,72.29,19.26,150.7,3.869,1.503,1.8649,93.24
B0006,353,37.12,89.14,9.5,148.33,3.887,1.467,1.8644,93.22
B0006,354,36.86,75.69,35.56,147.46,3.867,1.477,1.8643,93.21
B0006,355,34.79,67.36,23.66,150.43,3.882,1.463,1.8655,93.27
B0006,356,36.8,82.79,23.67,148.86,3.875,1.474,1.8638,93.19
B0006,357,34.48,86.34,20.78,149.34,3.857,1.491,1.8639,93.19
B0006,358,35.11,88.22,13.83,148.97,3.898,1.501,1.8641,93.2
B0006,359,35.58,80.03,23.66,151.02,3.917,1.609,1.8629,93.14
B0006,360,36.27,82.99,21.92,147.69,3.869,1.459,1.8622,93.11
B0007,1,23.01,69.82,25.61,61.38,4.145,1.517,1.9992,99.96
B0007,2,25.2,60.27,14.39,60.58,4.136,1.479,1.9986,99.93
B0007,3,25.19,78.38,18.32,61.83,4.133,1.502,1.9993,99.97
B0007,4,27.52,69.84,21.45,60.69,4.15,1.422,1.9983,99.92
B0007,5,25.86,70.81,20.21,61.82,4.165,1.45,1.9973,99.86
B0007,6,25.81,70.68,14.65,65.06,4.132,1.525,1.9969,99.84
B0007,7,25.78,64.29,10.9,60.0,4.171,1.494,1.997,99.85
B0007,8,25.29,77.11,14.39,62.08,4.154,1.525,1.9973,99.87
B0007,9,26.03,70.62,22.0,60.74,4.136,1.446,1.9961,99.81
B0007,10,25.86,66.15,32.7,60.41,4.132,1.526,1.9961,99.8
B0007,11,27.81,65.28,12.09,60.75,4.125,1.487,1.9949,99.75
B0007,12,25.74,75.51,16.58,62.98,4.134,1.505,1.9955,99.78
B0007,13,26.38,76.75,21.96,60.93,4.134,1.524,1.9944,99.72
B0007,14,26.76,64.46,16.7,64.31,4.149,1.48,1.9947,99.74
B0007,15,27.01,70.99,19.38,64.91,4.134,1.614,1.9938,99.69
B0007,16,24.92,74.14,17.35,63.97,4.131,1.646,1.9942,99.71
B0007,17,25.76,60.96,21.37,64.05,4.128,1.54,1.9943,99.72
B0007,18,27.18,65.97,19.25,62.82,4.134,1.436,1.993,99.65
B0007,19,25.54,62.04,22.75,62.88,4.091,1.494,1.9919,99.59
B0007,20,26.09,71.75,17.77,65.56,4.145,1.402,1.9924,99.62
B0007,21,25.65,71.71,15.41,64.4,4.124,1.528,1.9909,99.54
B0007,22,25.42,55.23,17.86,65.05,4.107,1.546,1.9911,99.55
B0007,23,25.76,65.92,20.75,69.38,4.136,1.558,1.9907,99.54
B0007,24,25.58,61.79,20.31,64.44,4.12,1.52,1.9903,99.51
B0007,25,26.65,74.03,21.45,65.49,4.098,1.589,1.9905,99.53
B0007,26,26.26,68.2,15.36,65.04,4.113,1.521,1.9884,99.42
B0007,27,27.0,77.66,29.04,65.22,4.116,1.515,1.9892,99.46
B0007,28,28.79,58.82,26.01,68.33,4.116,1.458,1.9886,99.43
B0007,29,27.24,75.24,24.86,66.41,4.088,1.541,1.9884,99.42
B0007,30,26.88,62.27,17.31,65.29,4.103,1.443,1.9885,99.43
B0007,31,25.9,64.09,11.86,69.72,4.099,1.514,1.9872,99.36
B0007,32,26.93,79.53,15.91,67.28,4.09,1.536,1.9867,99.33
B0007,33,28.01,90.7,14.0,67.72,4.131,1.426,1.9866,99.33
B0007,34,24.97,63.79,20.39,69.47,4.134,1.53,1.9875,99.37
B0007,35,28.46,73.33,13.92,67.97,4.133,1.579,1.9852,99.26
B0007,36,27.1,58.03,15.41,68.84,4.115,1.538,1.9853,99.27
B0007,37,27.41,72.23,18.96,70.58,4.122,1.487,1.9856,99.28
B0007,38,27.91,68.97,15.74,68.07,4.107,1.562,1.9852,99.26
B0007,39,25.67,71.51,16.72,67.49,4.109,1.49,1.9853,99.27
B0007,40,27.32,71.79,14.01,70.39,4.114,1.5,1.984,99.2
B0007,41,26.08,71.74,22.38,69.41,4.105,1.513,1.9851,99.25
B0007,42,28.16,63.83,17.51,69.34,4.103,1.539,1.9838,99.19
B0007,43,25.49,73.42,11.49,70.25,4.142,1.486,1.984,99.2
B0007,44,24.15,54.01,20.17,71.58,4.11,1.558,1.9832,99.16
B0007,45,26.17,77.16,11.84,68.54,4.103,1.498,1.9831,99.16
B0007,46,26.98,70.5,15.36,69.27,4.135,1.485,1.9825,99.13
B0007,47,26.29,82.71,13.79,70.08,4.105,1.522,1.9827,99.14
B0007,48,27.79,90.58,8.75,71.23,4.093,1.469,1.9811,99.06
B0007,49,25.85,83.48,24.21,74.3,4.071,1.433,1.9813,99.07
B0007,50,24.35,64.4,20.81,72.75,4.074,1.54,1.9809,99.05
B0007,51,27.28,75.86,10.54,71.03,4.096,1.527,1.9801,99.0
B0007,52,27.14,63.19,20.03,74.7,4.095,1.556,1.9808,99.04
B0007,53,26.43,65.81,16.18,72.27,4.114,1.481,1.9791,98.95
B0007,54,24.72,65.44,14.1,71.72,4.12,1.495,1.9797,98.99
B0007,55,26.9,75.25,24.82,72.62,4.064,1.466,1.979,98.95
B0007,56,26.41,70.86,18.27,73.14,4.098,1.559,1.9783,98.92
B0007,57,27.59,69.52,16.99,73.0,4.088,1.538,1.9783,98.92
B0007,58,26.94,59.2,28.84,72.44,4.09,1.506,1.9777,98.88
B0007,59,29.28,61.14,24.88,73.93,4.091,1.448,1.9764,98.82
B0007,60,27.02,69.71,23.3,73.96,4.057,1.499,1.9765,98.82
B0007,61,27.65,72.0,18.37,77.58,4.1,1.481,1.9765,98.82
B0007,62,26.73,68.64,28.18,75.52,4.084,1.555,1.9761,98.8
B0007,63,29.71,73.6,20.41,72.26,4.111,1.507,1.9752,98.76
B0007,64,27.9,64.31,18.08,77.55,4.083,1.604,1.9758,98.79
B0007,65,27.93,59.79,19.36,73.01,4.126,1.535,1.975,98.75
B0007,66,28.09,71.32,13.09,77.78,4.068,1.373,1.975,98.75
B0007,67,27.2,68.87,20.68,77.8,4.094,1.56,1.9738,98.69
B0007,68,25.68,74.04,23.13,74.73,4.076,1.467,1.9747,98.74
B0007,69,28.44,65.08,15.72,78.95,4.087,1.491,1.9738,98.69
B0007,70,27.43,80.34,16.25,77.93,4.084,1.625,1.9723,98.61
B0007,71,26.33,67.17,13.84,80.36,4.118,1.561,1.9724,98.62
B0007,72,27.39,67.08,11.64,78.86,4.075,1.566,1.9711,98.55
B0007,73,26.49,73.25,19.14,78.22,4.056,1.504,1.9717,98.59
B0007,74,28.95,69.77,23.88,78.5,4.072,1.537,1.9718,98.59
B0007,75,27.75,75.52,25.44,79.25,4.063,1.5,1.9708,98.54
B0007,76,27.11,67.25,18.13,76.08,4.073,1.51,1.9713,98.57
B0007,77,26.16,70.13,29.5,81.77,4.088,1.558,1.9705,98.52
B0007,78,26.94,64.85,6.3,81.92,4.068,1.487,1.9693,98.47
B0007,79,26.93,73.06,25.62,80.36,4.075,1.506,1.9704,98.52
B0007,80,28.42,68.49,19.48,81.52,4.087,1.511,1.9692,98.46
B0007,81,26.37,66.97,24.49,81.29,4.114,1.552,1.969,98.45
B0007,82,28.04,65.91,7.23,80.08,4.087,1.492,1.9684,98.42
B0007,83,27.57,55.76,15.3,83.39,4.073,1.516,1.968,98.4
B0007,84,29.13,63.51,21.83,82.37,4.079,1.515,1.9676,98.38
B0007,85,27.08,75.66,30.42,80.76,4.081,1.539,1.9679,98.4
B0007,86,27.38,47.34,26.8,78.96,4.066,1.578,1.9668,98.34
B0007,87,29.81,77.51,19.12,81.63,4.097,1.456,1.9664,98.32
B0007,88,27.14,78.08,19.78,81.1,4.074,1.454,1.9657,98.29
B0007,89,28.15,58.17,17.56,83.29,4.087,1.413,1.9666,98.33
B0007,90,29.77,89.98,20.23,86.81,4.042,1.501,1.9653,98.27
B0007,91,28.41,80.76,21.8,81.41,4.066,1.45,1.9648,98.24
B0007,92,28.28,65.49,12.53,82.36,4.046,1.492,1.9642,98.21
B0007,93,28.34,56.03,21.66,85.84,4.078,1.48,1.9649,98.24
B0007,94,27.39,69.16,23.06,83.25,4.071,1.47,1.9639,98.19
B0007,95,27.91,53.31,24.87,82.66,4.108,1.504,1.9635,98.17
B0007,96,27.1,76.85,21.99,83.42,4.078,1.487,1.9633,98.17
B0007,97,29.04,54.76,17.83,83.24,4.056,1.478,1.9618,98.09
B0007,98,26.95,52.33,18.85,84.46,4.064,1.502,1.9627,98.14
B0007,99,29.66,68.48,17.13,85.7,4.093,1.469,1.9619,98.1
B0007,100,28.59,72.71,15.04,82.88,4.032,1.518,1.9615,98.08
B0007,101,28.04,71.62,19.91,85.19,4.04,1.57,1.962,98.1
B0007,102,26.9,68.43,14.79,85.07,4.054,1.543,1.9609,98.05
B0007,103,28.59,74.13,15.09,85.92,4.056,1.531,1.9612,98.06
B0007,104,28.49,71.64,11.88,85.9,4.076,1.458,1.9592,97.96
B0007,105,28.99,59.58,22.26,86.36,4.075,1.438,1.9598,97.99
B0007,106,27.83,73.66,30.49,87.44,4.057,1.597,1.9596,97.98
B0007,107,26.58,70.76,11.87,87.14,4.062,1.486,1.9605,98.03
B0007,108,28.58,94.79,18.71,86.12,4.066,1.488,1.9583,97.92
B0007,109,28.24,84.55,25.89,83.86,4.054,1.635,1.9583,97.92
B0007,110,28.49,78.83,27.21,86.29,4.01,1.534,1.9581,97.91
B0007,111,27.82,71.41,13.75,87.84,4.062,1.444,1.9579,97.89
B0007,112,30.26,65.22,11.63,88.15,4.059,1.568,1.9568,97.84
B0007,113,28.57,69.04,14.48,88.63,4.046,1.405,1.9563,97.82
B0007,114,30.62,60.18,17.04,86.83,4.026,1.394,1.9557,97.79
B0007,115,29.78,65.64,34.64,87.41,4.044,1.512,1.9564,97.82
B0007,116,28.38,74.9,15.11,86.3,4.011,1.474,1.9565,97.82
B0007,117,28.62,64.95,26.22,88.85,4.017,1.472,1.9549,97.74
B0007,118,28.29,64.74,16.51,88.96,4.039,1.51,1.9553,97.76
B0007,119,29.47,62.71,26.36,87.37,4.061,1.459,1.9549,97.74
B0007,120,29.45,50.77,26.96,87.84,4.023,1.584,1.9538,97.69
B0007,121,28.21,63.33,8.67,89.94,4.064,1.43,1.9542,97.71
B0007,122,27.3,73.61,25.03,92.11,4.048,1.555,1.9544,97.72
B0007,123,29.07,49.82,19.24,89.54,4.041,1.491,1.9522,97.61
B0007,124,25.71,83.37,15.49,90.91,4.072,1.52,1.9531,97.65
B0007,125,28.94,62.85,23.99,92.22,4.023,1.563,1.9531,97.66
B0007,126,29.44,75.15,20.41,90.23,4.06,1.508,1.9525,97.62
B0007,127,30.69,73.23,15.17,91.97,3.998,1.584,1.9516,97.58
B0007,128,29.84,79.82,12.1,95.49,4.014,1.539,1.9502,97.51
B0007,129,29.34,57.64,22.46,91.49,4.067,1.417,1.9498,97.49
B0007,130,27.57,71.09,20.13,93.73,4.052,1.543,1.951,97.55
B0007,131,29.25,74.82,17.77,91.71,4.085,1.502,1.9487,97.43
B0007,132,27.78,80.94,20.63,94.92,4.046,1.47,1.9494,97.47
B0007,133,30.63,70.01,23.43,93.95,4.027,1.583,1.9497,97.49
B0007,134,30.23,71.92,22.43,96.0,4.077,1.52,1.949,97.45
B0007,135,31.43,65.45,16.01,94.54,4.03,1.527,1.9476,97.38
B0007,136,29.91,62.01,22.59,94.39,4.061,1.439,1.9473,97.37
B0007,137,30.14,60.64,14.43,92.91,4.028,1.489,1.9477,97.38
B0007,138,30.61,67.43,12.07,93.38,4.036,1.522,1.9465,97.33
B0007,139,29.88,78.75,22.4,98.07,4.036,1.493,1.9473,97.36
B0007,140,30.82,72.0,22.0,94.82,4.029,1.506,1.9446,97.23
B0007,141,30.98,57.95,10.17,92.88,4.028,1.525,1.9461,97.3
B0007,142,28.66,58.59,20.35,93.05,4.052,1.541,1.9456,97.28
B0007,143,30.9,79.75,31.01,95.99,4.024,1.5,1.9454,97.27
B0007,144,31.63,59.24,15.69,97.71,4.023,1.543,1.9438,97.19
B0007,145,30.23,82.0,20.37,100.37,4.039,1.502,1.9437,97.19
B0007,146,30.71,67.08,31.94,96.24,4.014,1.555,1.9434,97.17
B0007,147,30.92,66.02,22.88,97.07,4.038,1.585,1.9443,97.21
B0007,148,28.98,59.77,15.52,99.03,4.058,1.516,1.9442,97.21
B0007,149,31.4,71.07,19.52,96.9,3.998,1.513,1.9426,97.13
B0007,150,29.92,75.96,20.47,96.28,4.03,1.537,1.9427,97.14
B0007,151,28.62,70.7,21.17,96.9,4.032,1.443,1.943,97.15
B0007,152,30.45,62.84,25.31,96.9,4.038,1.464,1.9407,97.03
B0007,153,31.31,59.88,22.4,98.01,4.005,1.541,1.9417,97.09
B0007,154,29.08,74.42,18.28,98.79,4.009,1.511,1.9413,97.07
B0007,155,31.95,63.78,25.86,97.71,3.996,1.515,1.9395,96.98
B0007,156,29.49,84.95,20.17,97.32,4.046,1.471,1.9409,97.05
B0007,157,30.23,77.65,17.58,99.31,4.036,1.53,1.9401,97.0
B0007,158,29.94,70.51,18.14,99.92,4.059,1.456,1.9403,97.02
B0007,159,29.31,63.03,23.62,99.62,4.003,1.505,1.9391,96.95
B0007,160,28.39,71.15,24.36,97.72,4.054,1.469,1.9398,96.99
B0007,161,31.66,68.77,19.19,99.04,4.023,1.481,1.9381,96.91
B0007,162,28.74,72.7,18.68,98.74,4.052,1.544,1.9385,96.93
B0007,163,31.51,67.56,11.35,100.84,4.003,1.521,1.9366,96.83
B0007,164,31.79,69.82,26.39,99.55,4.005,1.548,1.9364,96.82
B0007,165,27.16,68.8,12.85,100.82,4.01,1.472,1.9379,96.9
B0007,166,29.13,88.34,29.34,103.9,4.005,1.506,1.9374,96.87
B0007,167,30.4,64.72,24.92,101.16,3.989,1.455,1.9358,96.79
B0007,168,28.54,70.1,14.02,104.11,4.036,1.498,1.9363,96.82
B0007,169,30.43,85.04,22.6,100.22,4.023,1.541,1.9353,96.77
B0007,170,29.81,72.33,18.18,98.84,4.012,1.548,1.9354,96.77
B0007,171,29.84,70.42,16.22,102.5,3.993,1.567,1.9349,96.75
B0007,172,31.74,65.16,22.49,104.1,3.976,1.55,1.9337,96.69
B0007,173,29.97,67.14,33.19,102.79,3.967,1.569,1.9337,96.68
B0007,174,29.07,61.97,18.34,104.79,4.005,1.515,1.9331,96.65
B0007,175,30.0,71.12,20.37,105.34,4.017,1.482,1.9326,96.63
B0007,176,31.64,69.26,14.59,104.24,4.026,1.491,1.9325,96.63
B0007,177,29.33,70.45,20.57,105.72,4.026,1.47,1.9325,96.62
B0007,178,30.07,61.68,23.49,104.19,4.002,1.573,1.9312,96.56
B0007,179,31.44,73.49,14.05,103.5,3.984,1.483,1.9311,96.56
B0007,180,30.16,68.23,12.8,106.82,3.964,1.549,1.9309,96.55
B0007,181,29.92,76.86,19.66,105.08,4.029,1.438,1.9308,96.54
B0007,182,31.66,78.81,23.58,104.92,4.023,1.495,1.9291,96.45
B0007,183,32.44,69.94,18.06,105.19,3.975,1.474,1.9291,96.46
B0007,184,31.73,81.14,20.56,104.13,3.995,1.486,1.9289,96.44
B0007,185,30.88,70.67,23.45,106.53,4.0,1.454,1.9297,96.48
B0007,186,30.91,68.85,19.17,106.73,3.992,1.564,1.9288,96.44
B0007,187,29.67,64.23,33.9,104.77,4.016,1.396,1.9293,96.46
B0007,188,30.82,87.17,12.28,104.76,4.019,1.556,1.9293,96.47
B0007,189,30.52,75.47,26.95,107.04,3.952,1.459,1.9272,96.36
B0007,190,30.65,67.93,19.06,109.56,3.992,1.555,1.9269,96.35
B0007,191,31.63,70.52,24.53,110.98,3.965,1.474,1.9266,96.33
B0007,192,31.08,73.52,26.34,106.0,4.015,1.538,1.9263,96.31
B0007,193,28.93,69.97,12.05,106.93,4.013,1.506,1.9272,96.36
B0007,194,29.74,77.04,12.83,107.37,3.988,1.525,1.9261,96.3
B0007,195,31.94,80.7,19.59,108.22,3.998,1.522,1.9253,96.26
B0007,196,31.23,55.57,21.66,108.1,3.968,1.574,1.9249,96.25
B0007,197,31.97,68.17,14.31,111.29,3.993,1.472,1.9251,96.25
B0007,198,32.02,63.48,27.5,109.0,3.979,1.369,1.9233,96.16
B0007,199,29.66,59.28,20.68,107.8,3.987,1.525,1.9245,96.22
B0007,200,32.1,54.8,19.36,111.41,4.004,1.455,1.9243,96.21
B0007,201,30.58,66.31,8.74,109.97,4.009,1.445,1.923,96.15
B0007,202,30.78,57.95,14.98,112.05,3.973,1.506,1.9235,96.18
B0007,203,31.1,59.84,19.16,109.09,4.006,1.458,1.922,96.1
B0007,204,31.01,74.25,16.68,110.63,3.99,1.381,1.9223,96.11
B0007,205,29.42,74.93,25.19,110.93,3.992,1.535,1.9226,96.13
B0007,206,29.21,62.91,18.34,115.35,3.977,1.43,1.9214,96.07
B0007,207,32.16,80.57,20.54,113.31,3.996,1.449,1.9208,96.04
B0007,208,32.16,77.98,25.91,111.6,4.009,1.439,1.9203,96.01
B0007,209,32.26,59.04,25.33,114.27,3.991,1.439,1.9202,96.01
B0007,210,33.48,82.41,24.41,112.18,3.986,1.465,1.9196,95.98
B0007,211,33.83,71.15,6.48,112.39,3.981,1.482,1.9188,95.94
B0007,212,32.8,78.96,21.42,113.06,3.981,1.46,1.919,95.95
B0007,213,32.55,73.68,27.7,112.41,3.997,1.452,1.9178,95.89
B0007,214,32.72,65.87,14.88,109.63,3.948,1.491,1.918,95.9
B0007,215,32.02,67.05,12.1,114.4,3.99,1.499,1.9186,95.93
B0007,216,33.34,73.18,16.26,112.04,3.978,1.556,1.9172,95.86
B0007,217,32.8,81.22,18.49,114.14,4.007,1.499,1.9164,95.82
B0007,218,32.86,81.8,19.03,116.58,3.972,1.434,1.9164,95.82
B0007,219,34.61,66.24,20.79,114.07,3.956,1.513,1.915,95.75
B0007,220,29.92,67.7,21.23,112.76,4.009,1.505,1.9165,95.83
B0007,221,33.81,67.92,15.6,115.07,3.951,1.573,1.9153,95.76
B0007,222,31.38,55.28,26.64,114.68,3.939,1.587,1.9156,95.78
B0007,223,30.61,70.47,24.56,115.77,3.939,1.46,1.9149,95.75
B0007,224,32.41,63.7,21.02,117.6,3.946,1.61,1.914,95.7
B0007,225,33.14,69.99,25.45,114.34,3.969,1.381,1.9125,95.62
B0007,226,32.48,72.92,19.8,113.52,3.981,1.573,1.9141,95.7
B0007,227,31.57,73.52,12.16,116.27,3.955,1.462,1.9135,95.67
B0007,228,31.83,73.06,13.44,117.04,3.947,1.59,1.9132,95.66
B0007,229,31.31,64.64,15.11,118.27,3.949,1.555,1.9118,95.59
B0007,230,32.61,72.06,18.28,118.12,3.956,1.591,1.9123,95.62
B0007,231,30.87,82.29,19.44,119.12,3.953,1.543,1.9118,95.59
B0007,232,29.18,64.24,15.38,117.72,3.974,1.535,1.9125,95.62
B0007,233,32.75,64.67,21.85,119.79,3.979,1.502,1.9109,95.54
B0007,234,31.41,64.78,17.25,119.02,3.978,1.497,1.9108,95.54
B0007,235,32.54,71.15,17.42,116.22,3.952,1.524,1.9106,95.53
B0007,236,31.7,68.1,22.33,117.5,3.984,1.556,1.91,95.5
B0007,237,31.22,63.41,25.96,116.02,3.937,1.488,1.9099,95.5
B0007,238,31.21,66.69,20.16,119.21,3.983,1.571,1.9089,95.45
B0007,239,34.36,72.28,10.18,121.5,3.957,1.587,1.9081,95.41
B0007,240,33.7,74.55,25.43,116.44,3.954,1.56,1.9077,95.39
B0007,241,31.73,68.21,14.78,122.94,3.939,1.507,1.9076,95.38
B0007,242,31.91,74.92,22.55,121.18,4.017,1.449,1.907,95.35
B0007,243,30.7,66.86,12.16,119.3,3.941,1.452,1.9082,95.41
B0007,244,33.41,65.95,19.1,120.02,3.953,1.518,1.9063,95.32
B0007,245,30.49,50.92,21.73,124.46,3.956,1.541,1.9067,95.34
B0007,246,32.61,72.38,28.34,122.2,3.998,1.514,1.9068,95.34
B0007,247,34.86,64.97,19.84,118.6,3.935,1.445,1.9051,95.26
B0007,248,33.89,76.98,21.62,121.92,3.978,1.5,1.9049,95.25
B0007,249,33.01,67.88,23.42,123.84,3.929,1.445,1.9051,95.25
B0007,250,33.79,69.29,17.73,121.79,3.949,1.57,1.9037,95.19
B0007,251,34.84,82.58,18.59,121.54,3.935,1.382,1.9032,95.16
B0007,252,35.03,63.09,19.37,124.17,3.942,1.435,1.9039,95.19
B0007,253,33.59,58.53,15.81,121.19,3.956,1.402,1.9042,95.21
B0007,254,31.31,69.98,17.28,126.43,3.929,1.528,1.9025,95.13
B0007,255,34.02,65.22,12.52,123.67,3.94,1.522,1.9021,95.11
B0007,256,32.25,60.78,20.55,122.38,3.968,1.411,1.9022,95.11
B0007,257,32.48,67.94,16.82,127.15,3.927,1.622,1.9024,95.12
B0007,258,33.73,70.74,22.38,123.29,3.925,1.462,1.8998,94.99
B0007,259,33.28,56.19,20.11,125.18,3.939,1.469,1.9003,95.02
B0007,260,34.35,63.39,29.23,125.63,3.944,1.552,1.8994,94.97
B0007,261,34.61,63.55,17.37,125.98,3.957,1.433,1.9006,95.03
B0007,262,32.78,59.22,15.51,124.57,3.938,1.419,1.8997,94.98
B0007,263,33.58,69.65,16.36,126.16,3.926,1.426,1.8997,94.98
B0007,264,35.55,64.93,19.52,131.52,3.912,1.522,1.8982,94.91
B0007,265,32.57,65.69,16.4,126.32,3.912,1.547,1.8989,94.95
B0007,266,33.51,73.38,17.67,127.07,3.917,1.482,1.8985,94.93
B0007,267,32.45,62.88,9.45,125.91,3.964,1.553,1.8975,94.87
B0007,268,31.96,61.29,32.8,127.14,3.944,1.468,1.8971,94.86
B0007,269,34.06,64.26,9.84,127.39,3.915,1.497,1.8978,94.89
B0007,270,32.28,63.74,24.27,127.63,3.955,1.524,1.897,94.85
B0007,271,35.33,66.32,17.85,127.23,3.957,1.565,1.8968,94.84
B0007,272,34.78,55.65,25.42,129.44,3.927,1.535,1.8968,94.84
B0007,273,32.06,79.37,12.68,126.86,3.902,1.505,1.8962,94.81
B0007,274,35.85,91.34,20.49,129.07,3.944,1.483,1.8945,94.72
B0007,275,33.95,74.3,17.11,128.82,3.95,1.447,1.8949,94.74
B0007,276,33.69,85.3,25.82,129.24,3.939,1.55,1.8939,94.7
B0007,277,35.65,54.39,13.42,129.07,3.919,1.437,1.8931,94.66
B0007,278,33.14,58.78,30.46,129.56,3.943,1.548,1.894,94.7
B0007,279,34.97,78.59,16.85,131.07,3.919,1.5,1.8933,94.67
B0007,280,34.35,76.28,11.11,129.85,3.944,1.539,1.8925,94.62
B0007,281,35.83,80.83,26.73,130.93,3.929,1.544,1.8916,94.58
B0007,282,34.81,67.53,22.02,129.39,3.955,1.503,1.8921,94.6
B0007,283,36.42,57.0,17.22,132.65,3.934,1.516,1.8915,94.58
B0007,284,32.63,60.74,21.61,130.3,3.938,1.451,1.8923,94.61
B0007,285,35.94,79.79,12.14,127.97,3.914,1.538,1.8913,94.56
B0007,286,33.55,73.69,12.39,130.82,3.926,1.495,1.8908,94.54
B0007,287,32.55,60.78,24.84,133.47,3.93,1.507,1.8906,94.53
B0007,288,32.04,67.84,19.86,133.25,3.953,1.53,1.8893,94.46
B0007,289,33.28,70.94,21.18,131.79,3.92,1.58,1.8901,94.51
B0007,290,31.67,79.65,15.32,134.33,3.935,1.563,1.8905,94.52
B0007,291,35.16,86.48,22.79,133.45,3.946,1.461,1.8886,94.43
B0007,292,33.44,67.53,9.48,130.33,3.925,1.543,1.8885,94.42
B0007,293,33.68,83.42,12.7,134.44,3.885,1.636,1.8879,94.39
B0007,294,34.21,62.98,12.96,133.47,3.922,1.485,1.8877,94.39
B0007,295,35.08,66.9,10.33,130.37,3.929,1.451,1.8873,94.36
B0007,296,34.54,80.51,15.26,133.53,3.954,1.482,1.8867,94.34
B0007,297,33.37,75.5,17.82,133.64,3.917,1.567,1.8872,94.36
B0007,298,32.09,70.18,23.12,136.6,3.913,1.491,1.8866,94.33
B0007,299,35.15,70.79,18.05,133.98,3.904,1.474,1.8852,94.26
B0007,300,36.09,44.23,21.98,132.67,3.924,1.524,1.8852,94.26
B0007,301,35.2,48.79,26.83,136.41,3.928,1.456,1.8855,94.28
B0007,302,35.32,66.92,9.64,134.57,3.897,1.48,1.8838,94.19
B0007,303,34.88,69.54,22.74,134.75,3.911,1.595,1.885,94.25
B0007,304,34.45,78.68,20.19,135.77,3.909,1.53,1.8843,94.21
B0007,305,36.27,72.88,25.94,135.78,3.897,1.516,1.8837,94.19
B0007,306,34.22,75.84,15.34,137.69,3.868,1.606,1.8833,94.16
B0007,307,34.34,53.8,20.79,136.8,3.93,1.537,1.8827,94.13
B0007,308,35.06,73.6,19.48,135.03,3.914,1.503,1.8814,94.07
B0007,309,35.71,63.25,11.28,137.85,3.937,1.436,1.8819,94.1
B0007,310,36.15,88.94,18.11,137.04,3.908,1.528,1.8819,94.1
B0007,311,34.09,82.44,14.43,139.5,3.86,1.49,1.8823,94.11
B0007,312,38.57,69.9,14.4,138.17,3.909,1.533,1.88,94.0
B0007,313,33.61,83.5,21.23,137.49,3.932,1.487,1.8803,94.02
B0007,314,35.22,62.54,15.02,138.03,3.888,1.468,1.8798,93.99
B0007,315,35.76,64.97,19.41,136.06,3.877,1.517,1.8796,93.98
B0007,316,34.06,78.45,24.83,141.9,3.898,1.532,1.8794,93.97
B0007,317,34.28,89.62,29.92,140.02,3.929,1.493,1.8788,93.94
B0007,318,34.22,76.99,20.39,138.42,3.868,1.512,1.8786,93.93
B0007,319,36.12,68.19,27.18,138.32,3.901,1.496,1.8784,93.92
B0007,320,35.99,63.8,26.84,140.2,3.925,1.447,1.8768,93.84
B0007,321,36.39,78.38,24.32,136.02,3.891,1.469,1.8772,93.86
B0007,322,33.95,70.98,17.91,139.0,3.886,1.556,1.8781,93.91
B0007,323,34.36,65.88,17.72,141.6,3.836,1.551,1.8768,93.84
B0007,324,36.91,61.6,15.14,140.06,3.902,1.403,1.8761,93.8
B0007,325,33.88,82.31,15.36,141.98,3.859,1.532,1.8756,93.78
B0007,326,35.11,66.36,21.22,142.76,3.918,1.52,1.8752,93.76
B0007,327,33.63,66.21,34.72,145.5,3.919,1.512,1.875,93.75
B0007,328,35.67,69.71,11.31,144.03,3.88,1.521,1.8743,93.72
B0007,329,36.36,62.72,17.74,141.19,3.869,1.455,1.8745,93.72
B0007,330,37.07,62.68,20.63,144.45,3.917,1.543,1.874,93.7
B0007,331,35.76,68.15,14.04,141.89,3.906,1.553,1.8724,93.62
B0007,332,34.76,78.3,23.82,142.53,3.866,1.475,1.8726,93.63
B0007,333,35.71,70.47,18.03,144.06,3.929,1.523,1.8738,93.69
B0007,334,36.22,74.58,21.99,144.33,3.882,1.46,1.8718,93.59
B0007,335,35.22,72.51,18.42,144.61,3.905,1.564,1.8719,93.6
B0007,336,35.64,59.54,18.27,141.44,3.918,1.507,1.8716,93.58
B0007,337,36.03,80.92,16.85,144.28,3.884,1.461,1.8712,93.56
B0007,338,37.61,67.0,23.5,146.41,3.906,1.505,1.8715,93.57
B0007,339,35.36,73.2,31.44,146.05,3.866,1.499,1.8713,93.57
B0007,340,35.37,66.57,19.95,146.69,3.847,1.527,1.8707,93.53
B0007,341,35.31,60.63,21.01,145.44,3.856,1.523,1.8705,93.52
B0007,342,34.62,66.39,21.47,145.55,3.853,1.532,1.87,93.5
B0007,343,37.87,92.34,20.46,143.33,3.915,1.539,1.8682,93.41
B0007,344,35.21,79.9,18.73,146.85,3.86,1.551,1.8693,93.46
B0007,345,34.55,61.6,15.45,145.53,3.855,1.47,1.8681,93.4
B0007,346,35.81,60.55,14.24,145.47,3.875,1.482,1.8669,93.35
B0007,347,35.37,74.97,24.74,145.05,3.907,1.495,1.8679,93.39
B0007,348,37.98,52.04,20.98,146.76,3.875,1.515,1.8659,93.3
B0007,349,35.27,67.5,18.31,149.24,3.885,1.513,1.8672,93.36
B0007,350,36.94,67.89,16.13,147.7,3.856,1.475,1.8663,93.31
B0007,351,35.38,87.0,6.13,150.51,3.876,1.538,1.8662,93.31
B0007,352,36.15,64.66,8.79,147.06,3.861,1.475,1.8652,93.26
B0007,353,38.15,89.24,21.09,146.68,3.886,1.589,1.8651,93.26
B0007,354,35.79,50.97,23.35,146.33,3.88,1.523,1.8646,93.23
B0007,355,36.03,63.67,25.08,146.68,3.835,1.563,1.8649,93.25
B0007,356,36.89,70.7,17.8,147.55,3.866,1.394,1.8644,93.22
B0007,357,35.29,67.51,23.05,150.61,3.898,1.553,1.8641,93.2
B0007,358,36.77,70.09,15.1,152.26,3.876,1.596,1.8627,93.14
B0007,359,34.41,60.77,24.28,151.92,3.868,1.457,1.8629,93.15
B0007,360,36.01,57.74,14.36,151.56,3.876,1.414,1.8619,93.1
B0018,1,22.27,60.2,25.88,60.0,4.14,1.468,2.0001,100.0
B0018,2,24.51,64.12,13.0,60.37,4.127,1.429,2.0003,100.0
B0018,3,24.19,75.34,19.86,61.8,4.12,1.448,1.9982,99.91
B0018,4,23.77,73.17,20.85,61.88,4.121,1.495,1.9989,99.94
B0018,5,24.56,64.71,12.14,62.71,4.14,1.494,1.9985,99.92
B0018,6,22.24,73.88,15.75,60.4,4.119,1.468,1.9978,99.89
B0018,7,22.43,69.61,21.18,60.36,4.128,1.575,1.9997,99.98
B0018,8,21.61,71.3,27.48,62.49,4.117,1.475,1.9983,99.91
B0018,9,21.98,64.15,33.61,63.91,4.141,1.42,1.9966,99.83
B0018,10,23.44,78.58,15.73,63.6,4.168,1.479,1.9957,99.79
B0018,11,21.68,67.11,27.18,60.0,4.136,1.478,1.9972,99.86
B0018,12,23.04,77.56,17.24,65.95,4.108,1.447,1.9969,99.85
B0018,13,24.38,66.92,19.68,64.92,4.122,1.576,1.9945,99.73
B0018,14,20.53,76.08,15.8,63.72,4.116,1.533,1.9946,99.73
B0018,15,24.19,75.14,14.85,63.73,4.128,1.537,1.9946,99.73
B0018,16,20.73,72.67,18.55,62.8,4.125,1.32,1.9951,99.76
B0018,17,22.34,62.99,22.66,63.86,4.158,1.55,1.9945,99.73
B0018,18,24.29,66.0,22.72,64.2,4.135,1.47,1.9934,99.67
B0018,19,25.03,68.72,23.09,66.37,4.096,1.522,1.992,99.6
B0018,20,24.29,77.13,14.43,66.48,4.108,1.485,1.9926,99.63
B0018,21,25.19,69.62,16.37,65.74,4.097,1.488,1.9922,99.61
B0018,22,23.73,80.39,23.34,67.24,4.116,1.438,1.9921,99.61
B0018,23,23.15,81.51,20.83,68.2,4.092,1.436,1.9914,99.57
B0018,24,21.45,72.98,20.83,66.4,4.114,1.5,1.9905,99.53
B0018,25,23.56,56.63,33.55,66.58,4.133,1.535,1.9904,99.52
B0018,26,23.28,64.95,23.0,65.29,4.15,1.515,1.9902,99.51
B0018,27,24.36,81.14,20.11,67.97,4.104,1.503,1.9898,99.49
B0018,28,23.66,62.35,31.59,65.0,4.147,1.536,1.9902,99.51
B0018,29,22.31,74.86,27.34,71.1,4.08,1.535,1.9897,99.49
B0018,30,24.97,77.13,18.98,68.2,4.133,1.53,1.9883,99.42
B0018,31,24.85,61.85,18.86,67.15,4.138,1.505,1.9886,99.43
B0018,32,26.76,71.55,20.3,67.08,4.116,1.556,1.9875,99.37
B0018,33,23.8,63.65,15.37,68.33,4.139,1.433,1.988,99.4
B0018,34,23.31,71.15,10.83,67.43,4.1,1.51,1.9878,99.39
B0018,35,23.53,65.56,22.14,71.26,4.073,1.529,1.9862,99.31
B0018,36,23.54,71.24,18.01,69.24,4.101,1.455,1.9863,99.32
B0018,37,23.24,71.87,22.99,68.53,4.119,1.548,1.9859,99.29
B0018,38,25.21,69.53,18.9,67.79,4.109,1.537,1.9855,99.28
B0018,39,24.61,67.84,21.09,70.77,4.108,1.486,1.9859,99.29
B0018,40,23.44,69.5,17.76,69.43,4.142,1.573,1.9847,99.24
B0018,41,22.83,70.56,16.75,73.22,4.1,1.518,1.9851,99.26
B0018,42,24.58,61.99,15.72,69.15,4.053,1.527,1.9845,99.22
B0018,43,26.42,71.18,12.92,70.06,4.088,1.543,1.9839,99.19
B0018,44,24.96,60.76,23.63,73.92,4.161,1.455,1.9826,99.13
B0018,45,27.41,67.17,17.04,70.47,4.115,1.434,1.982,99.1
B0018,46,23.76,80.28,19.71,72.21,4.128,1.417,1.9828,99.14
B0018,47,24.78,67.85,20.83,70.02,4.086,1.403,1.9816,99.08
B0018,48,23.45,80.64,19.4,71.19,4.075,1.444,1.983,99.15
B0018,49,24.61,60.61,25.56,72.38,4.098,1.539,1.9816,99.08
B0018,50,25.11,72.68,22.82,73.32,4.095,1.5,1.9811,99.06
B0018,51,23.87,66.34,16.55,74.74,4.123,1.437,1.9806,99.03
B0018,52,25.78,67.45,23.0,73.22,4.107,1.426,1.9804,99.02
B0018,53,24.99,80.77,19.13,73.04,4.117,1.389,1.9793,98.96
B0018,54,27.19,81.96,18.58,73.9,4.07,1.522,1.9801,99.01
B0018,55,24.81,62.47,25.6,75.26,4.097,1.429,1.9788,98.94
B0018,56,25.52,67.84,13.05,77.24,4.094,1.608,1.9779,98.89
B0018,57,24.49,66.96,16.85,73.18,4.113,1.472,1.9774,98.87
B0018,58,23.86,78.24,18.1,76.17,4.127,1.532,1.9786,98.93
B0018,59,23.65,65.92,20.4,73.29,4.112,1.504,1.9776,98.88
B0018,60,22.41,62.57,17.48,77.79,4.097,1.458,1.978,98.9
B0018,61,24.76,67.18,21.62,77.12,4.092,1.582,1.9764,98.82
B0018,62,25.62,64.34,31.05,74.3,4.128,1.604,1.9761,98.81
B0018,63,24.52,65.97,19.14,77.69,4.102,1.505,1.9761,98.8
B0018,64,26.39,67.5,25.15,76.69,4.089,1.497,1.9755,98.77
B0018,65,24.17,80.76,16.34,79.41,4.108,1.381,1.9759,98.8
B0018,66,23.97,55.5,15.25,76.19,4.068,1.503,1.9765,98.83
B0018,67,22.73,70.66,17.93,78.9,4.103,1.484,1.9744,98.72
B0018,68,27.09,57.58,12.98,80.44,4.082,1.491,1.9737,98.69
B0018,69,23.01,77.57,24.77,76.35,4.075,1.435,1.9736,98.68
B0018,70,24.87,61.36,14.11,76.75,4.077,1.523,1.9739,98.7
B0018,71,24.89,67.69,20.92,77.87,4.09,1.425,1.9738,98.69
B0018,72,26.02,62.95,20.45,79.47,4.085,1.482,1.972,98.6
B0018,73,26.0,75.4,16.91,75.15,4.091,1.496,1.9725,98.63
B0018,74,26.25,72.87,26.67,80.19,4.072,1.539,1.9725,98.62
B0018,75,23.17,71.88,10.08,79.4,4.073,1.447,1.972,98.6
B0018,76,25.97,69.17,17.55,82.99,4.102,1.558,1.971,98.55
B0018,77,25.5,71.33,8.02,78.56,4.045,1.442,1.9708,98.54
B0018,78,22.63,69.69,24.09,80.14,4.062,1.403,1.9706,98.53
B0018,79,22.93,59.85,15.56,78.21,4.089,1.488,1.9706,98.53
B0018,80,25.08,79.12,14.1,80.0,4.073,1.544,1.9698,98.49
B0018,81,26.15,62.43,19.09,79.88,4.091,1.514,1.9691,98.45
B0018,82,27.33,57.76,19.39,81.42,4.045,1.517,1.9691,98.46
B0018,83,24.4,64.13,12.77,82.37,4.076,1.531,1.969,98.45
B0018,84,27.19,72.11,17.21,80.26,4.068,1.424,1.9675,98.37
B0018,85,26.33,66.91,20.91,81.89,4.06,1.493,1.9683,98.41
B0018,86,26.3,76.33,19.89,85.96,4.106,1.536,1.9681,98.41
B0018,87,24.38,69.09,17.28,82.23,4.059,1.476,1.9662,98.31
B0018,88,26.66,82.8,27.64,81.7,4.009,1.515,1.9661,98.3
B0018,89,25.34,71.12,20.27,83.05,4.085,1.534,1.9671,98.35
B0018,90,26.51,74.83,17.95,82.68,4.074,1.55,1.9657,98.29
B0018,91,26.17,86.62,31.03,77.03,4.102,1.473,1.9654,98.27
B0018,92,24.47,66.81,17.77,80.65,4.052,1.517,1.9657,98.28
B0018,93,26.21,75.13,16.06,82.47,4.076,1.574,1.9654,98.27
B0018,94,23.03,68.23,13.34,84.86,4.079,1.522,1.9659,98.29
B0018,95,26.62,66.16,17.84,83.52,4.084,1.5,1.9626,98.13
B0018,96,23.33,53.64,17.11,85.21,4.085,1.451,1.9637,98.18
B0018,97,27.52,62.28,21.06,84.05,4.094,1.465,1.9628,98.14
B0018,98,23.99,70.16,18.0,85.65,4.057,1.447,1.9616,98.08
B0018,99,23.38,61.8,20.57,86.49,4.069,1.484,1.9622,98.11
B0018,100,25.99,65.85,28.59,84.91,4.021,1.49,1.962,98.1
B0018,101,26.7,61.46,16.25,83.11,4.088,1.473,1.9612,98.06
B0018,102,25.26,61.01,21.89,86.77,4.045,1.557,1.9605,98.03
B0018,103,25.38,81.0,24.03,84.16,4.083,1.508,1.9625,98.12
B0018,104,24.56,64.93,10.47,89.31,4.075,1.61,1.9611,98.06
B0018,105,26.88,78.22,29.87,86.05,4.082,1.573,1.9596,97.98
B0018,106,25.27,64.23,20.69,87.75,4.031,1.596,1.9596,97.98
B0018,107,25.11,67.88,15.49,87.25,4.042,1.543,1.9582,97.91
B0018,108,26.83,68.5,24.2,86.27,4.02,1.434,1.9593,97.97
B0018,109,28.11,83.13,20.33,87.13,4.053,1.503,1.9576,97.88
B0018,110,25.82,68.28,25.72,88.6,4.077,1.519,1.9583,97.92
B0018,111,24.84,59.18,20.74,87.89,4.056,1.629,1.9582,97.91
B0018,112,24.43,54.08,21.66,88.47,4.067,1.564,1.9581,97.91
B0018,113,24.25,65.55,22.14,91.58,4.071,1.497,1.9572,97.86
B0018,114,25.02,65.49,17.04,88.95,4.028,1.478,1.9564,97.82
B0018,115,27.17,72.81,22.84,91.26,4.056,1.481,1.956,97.8
B0018,116,25.05,72.0,7.8,88.72,4.026,1.454,1.9562,97.81
B0018,117,27.15,71.85,20.51,89.45,4.077,1.506,1.9554,97.77
B0018,118,24.46,83.04,21.85,87.6,4.061,1.494,1.956,97.8
B0018,119,28.13,67.23,15.81,91.22,4.053,1.534,1.9543,97.72
B0018,120,26.22,71.87,25.82,89.82,4.077,1.382,1.9541,97.71
B0018,121,28.76,56.35,16.86,90.1,4.07,1.447,1.9537,97.69
B0018,122,26.64,65.37,21.48,90.68,4.037,1.474,1.9538,97.69
B0018,123,26.7,77.55,17.01,91.68,4.046,1.542,1.9538,97.69
B0018,124,25.3,55.76,17.33,90.88,4.034,1.537,1.9536,97.68
B0018,125,26.07,71.2,20.79,91.25,4.056,1.46,1.9526,97.63
B0018,126,28.13,68.11,13.44,90.29,4.06,1.61,1.9519,97.59
B0018,127,25.54,72.66,11.22,90.45,4.034,1.445,1.952,97.6
B0018,128,27.39,78.06,20.12,94.39,4.027,1.392,1.9519,97.6
B0018,129,27.09,61.16,24.94,93.21,4.07,1.44,1.951,97.55
B0018,130,25.89,69.39,27.69,91.62,4.053,1.471,1.9511,97.56
B0018,131,26.78,57.59,31.07,92.25,4.042,1.596,1.9511,97.56
B0018,132,25.04,85.87,23.79,91.55,4.054,1.464,1.9502,97.51
B0018,133,28.18,62.23,19.43,91.8,4.057,1.527,1.9497,97.49
B0018,134,28.14,55.76,25.32,92.98,4.078,1.487,1.9478,97.39
B0018,135,25.07,67.55,25.24,92.83,4.052,1.5,1.9497,97.48
B0018,136,27.45,71.9,22.4,94.38,4.019,1.564,1.9486,97.43
B0018,137,26.02,79.03,18.83,93.55,4.018,1.413,1.9481,97.41
B0018,138,25.54,67.41,21.06,93.89,4.019,1.428,1.9475,97.38
B0018,139,27.42,81.07,26.33,95.78,4.069,1.517,1.9469,97.35
B0018,140,27.65,67.43,13.19,95.02,4.036,1.596,1.947,97.35
B0018,141,27.0,79.43,17.82,93.29,4.021,1.526,1.9467,97.34
B0018,142,26.94,77.54,20.91,98.74,4.028,1.558,1.9466,97.33
B0018,143,26.48,75.68,24.64,92.29,4.037,1.562,1.9455,97.27
B0018,144,27.62,73.57,11.39,96.62,4.04,1.561,1.946,97.3
B0018,145,26.85,73.25,20.08,92.88,4.043,1.509,1.9455,97.28
B0018,146,26.31,57.05,23.15,97.33,4.067,1.393,1.9453,97.26
B0018,147,26.24,68.32,27.27,99.63,4.03,1.495,1.9452,97.26
B0018,148,26.87,66.51,25.24,97.54,4.021,1.462,1.9442,97.21
B0018,149,30.24,73.35,23.07,95.27,4.065,1.375,1.9423,97.11
B0018,150,26.25,66.33,22.91,97.28,4.027,1.451,1.9434,97.17
B0018,151,25.4,75.81,23.47,96.65,4.042,1.486,1.9423,97.12
B0018,152,28.66,78.18,21.06,99.49,4.037,1.466,1.9424,97.12
B0018,153,25.67,67.69,27.58,96.66,4.003,1.564,1.9416,97.08
B0018,154,25.93,74.07,16.92,97.43,4.048,1.509,1.9412,97.06
B0018,155,27.62,54.24,8.99,99.16,4.001,1.446,1.9414,97.07
B0018,156,28.02,74.5,19.31,97.34,4.018,1.582,1.9403,97.01
B0018,157,27.46,71.01,31.53,100.43,4.054,1.484,1.9413,97.07
B0018,158,28.44,62.14,16.57,100.79,4.043,1.578,1.9396,96.98
B0018,159,27.36,79.55,18.29,100.16,4.029,1.521,1.9391,96.96
B0018,160,25.54,61.01,20.51,101.21,4.036,1.516,1.9405,97.03
B0018,161,26.15,81.04,30.19,101.06,4.022,1.527,1.939,96.95
B0018,162,27.39,69.72,24.53,98.55,4.018,1.441,1.9373,96.87
B0018,163,29.47,65.3,12.78,103.46,4.028,1.51,1.9377,96.88
B0018,164,28.08,81.32,15.63,100.4,3.994,1.484,1.9375,96.87
B0018,165,28.95,74.53,23.22,102.11,3.999,1.485,1.9371,96.86
B0018,166,27.88,72.22,21.6,101.0,4.079,1.545,1.937,96.85
B0018,167,28.18,68.13,17.74,102.24,3.977,1.422,1.9367,96.83
B0018,168,26.95,71.66,18.8,99.88,4.001,1.576,1.9356,96.78
B0018,169,27.9,77.08,30.26,102.12,4.008,1.402,1.9364,96.82
B0018,170,27.4,77.05,22.7,102.01,4.0,1.563,1.9353,96.76
B0018,171,27.2,72.35,20.82,104.31,3.984,1.441,1.9346,96.73
B0018,172,28.52,69.49,17.72,103.4,4.012,1.539,1.934,96.7
B0018,173,27.41,82.55,16.06,105.48,3.98,1.483,1.9341,96.7
B0018,174,29.26,79.26,19.14,105.0,4.032,1.442,1.9339,96.69
B0018,175,26.48,71.8,23.15,104.81,3.993,1.394,1.9339,96.7
B0018,176,27.44,70.51,18.62,101.29,4.0,1.545,1.9338,96.69
B0018,177,29.49,79.5,15.92,105.01,4.019,1.52,1.9334,96.67
B0018,178,25.59,63.06,19.85,105.7,4.008,1.517,1.9326,96.63
B0018,179,28.14,75.48,21.56,104.42,4.008,1.524,1.9319,96.6
B0018,180,28.39,73.05,26.71,104.1,4.024,1.432,1.9315,96.58
B0018,181,26.8,72.69,22.58,104.66,3.993,1.476,1.9323,96.62
B0018,182,29.26,75.65,19.9,103.53,4.034,1.53,1.9311,96.55
B0018,183,27.31,75.76,19.65,106.43,3.987,1.483,1.9311,96.55
B0018,184,28.34,66.0,23.35,105.02,3.97,1.4,1.9292,96.46
B0018,185,28.04,64.69,21.04,103.91,3.967,1.515,1.9299,96.49
B0018,186,28.41,66.59,11.71,108.48,4.004,1.458,1.9294,96.47
B0018,187,28.33,59.07,25.29,104.18,3.996,1.523,1.9288,96.44
B0018,188,27.91,67.79,13.88,106.09,3.957,1.481,1.9287,96.44
B0018,189,29.52,66.9,28.69,107.85,3.995,1.497,1.9279,96.4
B0018,190,28.05,67.58,22.65,105.92,3.977,1.602,1.9284,96.42
B0018,191,29.04,72.44,14.71,107.67,4.001,1.451,1.9272,96.36
B0018,192,28.62,66.61,16.17,105.79,4.01,1.534,1.9267,96.34
B0018,193,27.4,63.44,18.88,108.07,4.004,1.588,1.927,96.35
B0018,194,27.88,56.28,24.13,109.22,3.972,1.494,1.9257,96.28
B0018,195,27.18,75.14,13.24,107.29,3.998,1.482,1.9263,96.32
B0018,196,28.76,70.18,15.07,109.01,3.973,1.612,1.9254,96.27
B0018,197,29.15,68.77,27.08,109.19,3.999,1.451,1.9242,96.21
B0018,198,28.43,68.41,20.92,110.42,3.995,1.439,1.9247,96.24
B0018,199,27.51,65.63,18.59,108.11,3.985,1.548,1.9241,96.2
B0018,200,28.31,73.68,19.3,109.72,4.004,1.423,1.9242,96.21
B0018,201,28.26,72.37,22.67,109.79,4.019,1.467,1.9231,96.15
B0018,202,30.32,76.54,15.43,110.53,4.001,1.489,1.9229,96.15
B0018,203,28.39,80.95,19.51,110.51,4.021,1.466,1.9226,96.13
B0018,204,28.05,82.2,17.78,112.46,3.982,1.409,1.9219,96.1
B0018,205,28.8,70.81,25.84,110.37,4.003,1.538,1.9213,96.06
B0018,206,30.14,73.99,10.29,109.85,3.983,1.549,1.9217,96.09
B0018,207,29.25,79.18,21.71,107.99,3.991,1.489,1.9222,96.11
B0018,208,27.74,56.39,16.33,113.02,3.987,1.58,1.9218,96.09
B0018,209,27.7,77.05,20.24,111.69,4.005,1.515,1.9205,96.02
B0018,210,28.15,69.9,18.8,110.81,3.984,1.52,1.9203,96.01
B0018,211,29.04,80.78,23.87,113.14,3.987,1.52,1.9201,96.0
B0018,212,26.84,67.59,12.58,113.01,3.977,1.545,1.9193,95.96
B0018,213,29.57,60.97,19.65,110.71,3.969,1.491,1.9192,95.96
B0018,214,28.95,58.14,25.76,113.61,3.987,1.461,1.9191,95.95
B0018,215,29.67,67.06,15.52,116.1,3.991,1.546,1.918,95.9
B0018,216,28.52,57.22,27.45,116.49,3.969,1.442,1.9169,95.84
B0018,217,27.9,56.53,19.46,114.18,3.983,1.569,1.9168,95.84
B0018,218,28.72,86.28,29.96,113.7,3.991,1.483,1.9174,95.87
B0018,219,27.85,80.25,26.08,112.92,3.953,1.505,1.9171,95.86
B0018,220,28.67,67.27,25.11,117.15,3.953,1.483,1.9164,95.82
B0018,221,30.21,73.58,27.66,118.15,3.982,1.553,1.9155,95.77
B0018,222,28.94,70.11,24.55,116.76,3.971,1.569,1.9147,95.73
B0018,223,26.73,58.62,23.41,116.71,3.973,1.529,1.9157,95.79
B0018,224,28.41,74.56,24.97,119.15,3.974,1.514,1.9144,95.72
B0018,225,27.59,65.75,19.03,115.46,3.988,1.5,1.9141,95.7
B0018,226,29.24,71.99,18.04,114.0,3.968,1.476,1.9145,95.73
B0018,227,28.86,73.33,23.29,118.31,3.98,1.485,1.9141,95.7
B0018,228,28.95,72.5,22.87,118.93,3.956,1.495,1.9127,95.63
B0018,229,30.34,78.54,24.69,115.48,3.95,1.514,1.9127,95.64
B0018,230,29.98,61.21,20.22,115.88,3.991,1.481,1.9124,95.62
B0018,231,31.11,65.73,14.87,117.69,3.959,1.489,1.9124,95.62
B0018,232,30.03,68.63,19.67,118.61,3.964,1.581,1.9127,95.63
B0018,233,28.53,55.53,23.09,116.83,3.936,1.577,1.9115,95.58
B0018,234,31.39,50.1,17.71,117.96,3.955,1.486,1.9101,95.51
B0018,235,28.37,56.36,25.26,119.11,3.981,1.427,1.912,95.6
B0018,236,28.64,79.71,22.66,120.85,3.985,1.513,1.9109,95.54
B0018,237,28.7,66.69,21.43,120.74,3.93,1.425,1.9101,95.51
B0018,238,30.03,66.07,16.86,119.56,3.96,1.533,1.9103,95.52
B0018,239,29.92,68.94,25.89,120.6,3.926,1.458,1.9099,95.49
B0018,240,28.41,76.26,19.67,118.41,3.956,1.462,1.9091,95.45
B0018,241,30.36,62.07,26.65,119.06,3.994,1.478,1.9094,95.47
B0018,242,28.35,71.75,17.62,118.88,4.015,1.487,1.9089,95.45
B0018,243,27.65,81.95,23.06,119.36,3.973,1.488,1.9087,95.44
B0018,244,27.68,84.3,17.83,123.02,3.935,1.552,1.9072,95.36
B0018,245,29.24,55.07,17.88,120.67,3.951,1.557,1.9067,95.34
B0018,246,30.18,63.25,23.51,117.82,3.968,1.52,1.9065,95.32
B0018,247,30.1,77.13,16.64,119.48,3.965,1.598,1.9064,95.32
B0018,248,28.92,63.92,16.45,120.47,3.964,1.542,1.9062,95.31
B0018,249,30.78,55.85,24.98,123.63,3.959,1.511,1.905,95.25
B0018,250,31.41,85.39,15.23,122.54,3.95,1.423,1.9041,95.21
B0018,251,29.86,62.02,17.68,122.12,3.944,1.505,1.9053,95.26
B0018,252,28.29,58.44,21.81,124.64,3.954,1.53,1.9051,95.26
B0018,253,31.95,67.52,17.13,124.19,3.946,1.57,1.903,95.15
B0018,254,30.04,70.26,20.11,123.68,3.977,1.522,1.9039,95.2
B0018,255,30.36,68.71,21.65,124.8,3.941,1.516,1.9027,95.14
B0018,256,30.93,61.94,20.84,124.75,3.96,1.537,1.9036,95.18
B0018,257,29.91,72.47,27.12,124.36,3.95,1.556,1.9017,95.08
B0018,258,28.61,67.42,26.68,125.17,3.916,1.498,1.9019,95.09
B0018,259,29.73,72.65,15.95,121.71,3.973,1.48,1.9022,95.11
B0018,260,30.66,69.98,14.66,123.52,3.932,1.518,1.9021,95.11
B0018,261,29.54,83.97,25.14,125.18,3.975,1.489,1.9008,95.04
B0018,262,30.49,71.36,23.51,124.91,3.933,1.532,1.9002,95.01
B0018,263,31.42,66.85,12.06,126.79,3.978,1.44,1.9001,95.0
B0018,264,30.08,66.88,26.78,124.74,3.954,1.48,1.8997,94.99
B0018,265,29.15,62.86,28.67,126.5,3.936,1.515,1.8996,94.98
B0018,266,30.99,72.34,20.57,126.68,3.921,1.469,1.8984,94.92
B0018,267,28.3,86.21,24.31,126.36,3.927,1.577,1.8994,94.97
B0018,268,29.01,70.92,19.46,126.95,3.904,1.487,1.8981,94.91
B0018,269,29.57,70.64,27.17,126.07,3.928,1.481,1.8989,94.95
B0018,270,31.66,68.61,22.08,127.93,3.953,1.463,1.8977,94.88
B0018,271,31.74,70.42,25.23,128.44,3.935,1.495,1.8969,94.85
B0018,272,31.14,74.29,13.75,125.39,3.925,1.495,1.8958,94.79
B0018,273,31.35,82.61,10.71,125.13,3.939,1.514,1.8967,94.83
B0018,274,32.8,70.97,25.22,127.98,3.907,1.514,1.8955,94.78
B0018,275,29.13,80.36,19.19,128.15,3.94,1.51,1.8953,94.77
B0018,276,30.9,66.54,21.96,127.25,3.96,1.536,1.8957,94.78
B0018,277,31.06,83.32,18.66,129.66,3.911,1.592,1.8943,94.71
B0018,278,32.2,69.03,23.64,130.86,3.882,1.449,1.8943,94.71
B0018,279,32.21,68.0,21.04,132.61,3.952,1.49,1.8943,94.71
B0018,280,30.58,78.24,29.91,133.42,3.908,1.459,1.8929,94.65
B0018,281,29.67,73.53,20.88,131.57,3.953,1.424,1.8932,94.66
B0018,282,30.41,76.56,17.66,132.11,3.901,1.485,1.8933,94.66
B0018,283,31.55,65.41,23.92,132.97,3.923,1.534,1.8925,94.63
B0018,284,32.08,64.98,9.73,131.27,3.938,1.489,1.8915,94.58
B0018,285,30.7,86.07,12.64,130.52,3.92,1.484,1.8914,94.57
B0018,286,30.29,74.57,26.95,131.77,3.906,1.526,1.8914,94.57
B0018,287,33.87,66.95,18.12,131.15,3.87,1.52,1.8907,94.53
B0018,288,30.3,57.12,23.77,131.54,3.954,1.43,1.8914,94.57
B0018,289,29.5,72.15,25.75,132.88,3.934,1.397,1.8914,94.57
B0018,290,32.33,77.01,18.44,134.39,3.923,1.477,1.8889,94.45
B0018,291,30.23,69.7,22.85,129.55,3.95,1.51,1.8896,94.48
B0018,292,30.97,76.86,27.62,133.62,3.892,1.525,1.8909,94.54
B0018,293,31.61,75.09,17.5,132.62,3.929,1.551,1.8895,94.48
B0018,294,30.08,78.22,16.76,132.84,3.924,1.545,1.8884,94.42
B0018,295,30.05,64.56,20.92,132.64,3.961,1.6,1.8871,94.35
B0018,296,31.43,67.61,16.54,132.0,3.918,1.575,1.8877,94.38
B0018,297,30.85,68.07,11.49,134.75,3.918,1.489,1.8873,94.36
B0018,298,31.26,74.02,19.86,134.95,3.939,1.534,1.8866,94.33
B0018,299,31.87,82.15,22.1,135.84,3.878,1.565,1.8856,94.28
B0018,300,31.83,69.58,21.41,135.46,3.903,1.564,1.886,94.3
B0018,301,31.56,66.94,15.38,135.66,3.922,1.449,1.8855,94.27
B0018,302,29.81,75.0,27.42,137.94,3.917,1.5,1.8861,94.3
B0018,303,31.28,58.92,24.94,134.68,3.934,1.406,1.8851,94.25
B0018,304,29.96,69.85,21.47,135.65,3.963,1.489,1.8847,94.23
B0018,305,31.54,63.62,20.62,138.2,3.88,1.488,1.8839,94.19
B0018,306,32.39,74.7,20.03,135.46,3.943,1.55,1.8831,94.16
B0018,307,30.27,61.4,14.77,134.94,3.905,1.523,1.8834,94.17
B0018,308,31.83,72.07,14.67,136.21,3.903,1.512,1.8828,94.14
B0018,309,32.06,70.19,16.25,137.36,3.881,1.477,1.8828,94.14
B0018,310,32.43,59.78,25.78,135.82,3.936,1.493,1.8814,94.07
B0018,311,32.5,66.03,24.62,136.67,3.885,1.427,1.8817,94.08
B0018,312,32.26,74.58,23.25,136.38,3.894,1.558,1.8815,94.08
B0018,313,31.48,71.15,14.62,137.68,3.927,1.539,1.8811,94.06
B0018,314,31.49,68.99,17.24,137.27,3.91,1.516,1.8815,94.08
B0018,315,32.3,67.59,24.67,139.93,3.867,1.304,1.8803,94.02
B0018,316,32.49,58.6,18.94,141.51,3.908,1.508,1.8799,93.99
B0018,317,33.18,72.95,17.71,137.79,3.91,1.423,1.8785,93.93
B0018,318,32.45,71.54,28.38,138.66,3.919,1.517,1.88,94.0
B0018,319,32.46,62.35,17.05,139.85,3.908,1.494,1.8782,93.91
B0018,320,30.85,77.47,22.52,138.68,3.918,1.434,1.8775,93.87
B0018,321,32.49,77.81,9.64,139.52,3.886,1.519,1.8782,93.91
B0018,322,33.67,68.93,21.03,140.65,3.877,1.555,1.8774,93.87
B0018,323,32.71,73.16,15.97,140.61,3.867,1.416,1.8774,93.87
B0018,324,31.67,74.18,16.73,139.86,3.889,1.482,1.8775,93.88
B0018,325,35.02,78.44,25.12,139.96,3.873,1.445,1.8755,93.77
B0018,326,34.05,65.62,13.74,141.27,3.901,1.513,1.8761,93.81
B0018,327,31.49,75.49,16.8,142.89,3.881,1.472,1.876,93.8
B0018,328,33.22,63.14,18.08,145.26,3.903,1.524,1.8748,93.74
B0018,329,33.18,61.41,20.58,142.9,3.895,1.519,1.8745,93.73
B0018,330,32.2,70.47,13.86,144.71,3.897,1.499,1.8747,93.74
B0018,331,34.88,59.11,14.45,143.08,3.887,1.44,1.8726,93.63
B0018,332,33.17,74.36,14.53,142.64,3.896,1.444,1.8737,93.69
B0018,333,34.16,77.33,18.18,143.19,3.875,1.478,1.8733,93.66
B0018,334,32.37,82.9,24.73,144.22,3.866,1.498,1.8726,93.63
B0018,335,33.88,59.93,23.18,145.6,3.915,1.511,1.8712,93.56
B0018,336,33.91,64.26,23.98,144.63,3.914,1.473,1.8715,93.58
B0018,337,32.56,70.76,14.85,141.82,3.911,1.502,1.8718,93.59
B0018,338,32.18,63.33,18.83,145.46,3.871,1.458,1.8715,93.58
B0018,339,33.63,64.22,20.3,145.38,3.902,1.437,1.8708,93.54
B0018,340,30.58,65.46,29.01,147.94,3.878,1.411,1.8701,93.51
B0018,341,30.09,65.09,19.01,146.72,3.887,1.456,1.87,93.5
B0018,342,31.78,72.03,23.49,144.1,3.898,1.521,1.8699,93.49
B0018,343,31.67,63.73,23.44,148.23,3.89,1.476,1.8701,93.51
B0018,344,32.98,70.51,16.36,147.18,3.898,1.53,1.8694,93.47
B0018,345,34.84,65.67,28.37,144.88,3.847,1.478,1.8688,93.44
B0018,346,32.45,74.21,21.22,145.99,3.874,1.411,1.8693,93.47
B0018,347,31.9,63.83,27.17,147.87,3.849,1.56,1.8683,93.41
B0018,348,34.67,54.01,16.47,148.16,3.864,1.485,1.867,93.35
B0018,349,32.42,70.88,25.99,148.86,3.861,1.458,1.8677,93.39
B0018,350,34.15,77.38,24.26,146.92,3.895,1.502,1.8672,93.36
B0018,351,31.91,73.67,16.43,150.26,3.886,1.568,1.866,93.3
B0018,352,33.31,76.12,27.39,147.79,3.842,1.496,1.8658,93.29
B0018,353,34.25,77.57,22.52,145.42,3.868,1.485,1.8659,93.29
B0018,354,32.91,74.95,29.93,148.3,3.87,1.506,1.8657,93.29
B0018,355,32.33,70.96,22.25,149.57,3.882,1.411,1.8652,93.26
B0018,356,34.11,64.63,14.52,149.77,3.868,1.416,1.865,93.25
B0018,357,33.95,58.48,20.7,150.75,3.906,1.432,1.864,93.2
B0018,358,33.35,67.79,22.17,149.14,3.863,1.444,1.8636,93.18
B0018,359,34.63,73.67,24.59,148.92,3.85,1.518,1.8635,93.17
B0018,360,32.22,84.79,13.46,152.48,3.879,1.509,1.8633,93.17
B0033,1,24.75,82.05,17.81,60.0,4.12,1.494,1.9998,99.99
B0033,2,25.77,75.39,21.53,60.0,4.167,1.51,1.9991,99.96
B0033,3,21.36,64.61,15.71,61.52,4.135,1.496,1.9998,99.99
B0033,4,25.49,64.43,29.32,61.14,4.131,1.506,1.9985,99.92
B0033,5,24.48,73.47,16.23,64.97,4.123,1.535,1.9986,99.93
B0033,6,22.05,67.76,19.36,60.0,4.14,1.443,1.9976,99.88
B0033,7,24.4,61.71,15.72,60.15,4.127,1.44,1.9976,99.88
B0033,8,21.84,78.14,13.52,63.07,4.121,1.459,1.9977,99.89
B0033,9,24.34,78.94,14.15,60.0,4.128,1.502,1.9966,99.83
B0033,10,23.07,66.34,12.96,64.05,4.109,1.469,1.9966,99.83
B0033,11,24.73,79.7,12.53,63.19,4.129,1.376,1.9957,99.78
B0033,12,24.76,82.15,20.58,62.2,4.167,1.545,1.9958,99.79
B0033,13,24.95,72.85,16.69,63.13,4.141,1.575,1.9951,99.76
B0033,14,25.56,58.64,21.12,64.48,4.116,1.646,1.9941,99.71
B0033,15,22.71,61.33,21.17,62.57,4.125,1.554,1.9935,99.68
B0033,16,24.25,67.32,22.83,65.55,4.152,1.515,1.994,99.7
B0033,17,24.66,71.71,22.45,64.27,4.151,1.576,1.9933,99.67
B0033,18,22.53,70.08,16.56,65.07,4.139,1.494,1.9937,99.69
B0033,19,22.07,62.28,24.48,66.39,4.135,1.566,1.9946,99.73
B0033,20,24.16,53.51,22.15,66.45,4.11,1.504,1.9917,99.58
B0033,21,23.79,63.45,24.78,63.87,4.104,1.425,1.9926,99.63
B0033,22,24.63,79.29,19.08,66.7,4.156,1.468,1.9925,99.63
B0033,23,23.91,74.13,28.11,63.74,4.137,1.54,1.9916,99.58
B0033,24,24.52,65.53,24.97,64.86,4.124,1.432,1.9909,99.54
B0033,25,25.37,67.9,17.82,66.32,4.139,1.53,1.9905,99.53
B0033,26,24.39,76.11,22.0,66.3,4.118,1.525,1.9904,99.52
B0033,27,24.17,66.88,29.84,65.65,4.132,1.506,1.9894,99.47
B0033,28,25.11,71.1,25.95,66.93,4.14,1.512,1.9892,99.46
B0033,29,24.81,72.51,19.53,66.38,4.104,1.45,1.989,99.45
B0033,30,23.03,62.96,19.13,67.07,4.071,1.579,1.989,99.45
B0033,31,26.03,73.57,29.54,70.57,4.095,1.512,1.9885,99.43
B0033,32,23.23,70.12,21.93,69.07,4.117,1.474,1.988,99.4
B0033,33,24.11,76.49,16.73,70.13,4.08,1.557,1.9871,99.35
B0033,34,27.29,72.02,23.0,68.19,4.118,1.434,1.9859,99.3
B0033,35,25.01,73.98,22.58,67.64,4.104,1.595,1.9862,99.31
B0033,36,24.7,71.6,19.66,71.4,4.1,1.444,1.9869,99.35
B0033,37,24.36,53.99,16.74,70.16,4.098,1.544,1.9863,99.32
B0033,38,26.61,76.25,18.92,67.27,4.111,1.457,1.9851,99.25
B0033,39,25.8,90.58,22.5,69.14,4.114,1.504,1.9863,99.31
B0033,40,24.12,71.96,13.79,70.93,4.089,1.527,1.9855,99.28
B0033,41,23.38,84.12,16.13,70.73,4.097,1.507,1.9848,99.24
B0033,42,25.75,77.68,23.96,70.3,4.156,1.547,1.984,99.2
B0033,43,23.98,70.8,18.32,68.9,4.101,1.591,1.984,99.2
B0033,44,25.81,50.07,26.08,70.52,4.122,1.457,1.9828,99.14
B0033,45,24.58,81.99,18.64,71.08,4.105,1.56,1.984,99.2
B0033,46,25.19,66.63,25.23,70.4,4.13,1.51,1.9825,99.12
B0033,47,25.21,71.42,14.65,71.74,4.101,1.564,1.9825,99.13
B0033,48,25.5,76.84,20.05,72.66,4.104,1.499,1.9812,99.06
B0033,49,24.12,74.06,19.8,73.89,4.077,1.479,1.9818,99.09
B0033,50,26.53,72.52,19.76,72.83,4.072,1.483,1.9805,99.02
B0033,51,27.27,64.73,18.41,72.65,4.09,1.524,1.9805,99.02
B0033,52,25.59,76.19,14.75,72.67,4.11,1.46,1.9804,99.02
B0033,53,26.48,79.49,15.06,72.47,4.154,1.479,1.9799,99.0
B0033,54,27.43,59.87,15.05,72.25,4.095,1.465,1.9795,98.98
B0033,55,24.46,79.27,26.12,74.57,4.1,1.475,1.979,98.95
B0033,56,24.33,72.9,14.13,75.7,4.134,1.52,1.9794,98.97
B0033,57,26.83,68.03,13.31,75.19,4.098,1.488,1.9776,98.88
B0033,58,26.69,62.11,16.13,74.64,4.075,1.466,1.9781,98.91
B0033,59,24.72,67.92,12.56,76.64,4.097,1.577,1.9777,98.88
B0033,60,27.2,76.22,20.37,76.21,4.086,1.406,1.9767,98.83
B0033,61,26.22,60.95,15.19,75.15,4.066,1.508,1.9766,98.83
B0033,62,26.82,60.97,26.36,78.66,4.082,1.507,1.977,98.85
B0033,63,23.42,69.5,21.14,74.92,4.075,1.557,1.9762,98.81
B0033,64,25.75,82.33,17.37,77.23,4.058,1.439,1.976,98.8
B0033,65,27.06,60.62,10.9,74.29,4.097,1.503,1.974,98.7
B0033,66,22.4,67.86,22.24,77.83,4.081,1.536,1.9756,98.78
B0033,67,24.98,58.72,13.51,78.23,4.058,1.514,1.9753,98.77
B0033,68,25.52,69.18,26.82,77.93,4.089,1.492,1.9743,98.71
B0033,69,28.63,58.47,26.45,76.64,4.121,1.408,1.9728,98.64
B0033,70,25.27,60.33,22.06,78.12,4.083,1.476,1.9741,98.71
B0033,71,26.39,67.85,14.56,77.17,4.043,1.458,1.9715,98.57
B0033,72,24.44,76.61,21.61,77.46,4.081,1.481,1.9728,98.64
B0033,73,25.89,76.68,21.68,79.04,4.102,1.514,1.9721,98.6
B0033,74,26.45,79.51,16.67,76.73,4.09,1.407,1.9721,98.61
B0033,75,26.6,69.13,25.67,78.44,4.107,1.569,1.9719,98.59
B0033,76,25.26,71.45,21.47,78.64,4.109,1.406,1.9711,98.56
B0033,77,25.6,73.58,22.29,81.12,4.075,1.565,1.9702,98.51
B0033,78,25.28,77.45,29.05,79.74,4.075,1.424,1.9697,98.49
B0033,79,26.54,61.08,16.03,79.05,4.081,1.514,1.9705,98.52
B0033,80,25.48,78.55,18.96,80.32,4.119,1.517,1.9702,98.51
B0033,81,25.79,57.78,18.9,79.71,4.046,1.457,1.9691,98.46
B0033,82,28.0,81.47,15.57,78.82,4.108,1.512,1.9682,98.41
B0033,83,27.43,56.28,23.39,82.07,4.095,1.503,1.9684,98.42
B0033,84,25.59,76.24,19.7,79.62,4.049,1.474,1.9685,98.43
B0033,85,27.67,71.42,17.35,80.08,4.079,1.491,1.9672,98.36
B0033,86,27.31,57.38,15.75,81.09,4.1,1.475,1.968,98.4
B0033,87,25.79,76.97,25.34,82.8,4.052,1.569,1.9671,98.36
B0033,88,29.01,74.17,9.58,82.98,4.065,1.564,1.9662,98.31
B0033,89,27.17,64.35,20.16,82.0,4.062,1.559,1.9664,98.32
B0033,90,29.04,58.55,10.38,80.29,4.076,1.537,1.9654,98.27
B0033,91,28.32,71.61,19.03,82.76,4.073,1.532,1.9662,98.31
B0033,92,25.71,66.52,12.61,81.27,4.041,1.517,1.9663,98.32
B0033,93,25.96,65.69,15.08,85.4,4.048,1.479,1.9665,98.33
B0033,94,24.87,77.78,20.72,82.91,4.104,1.496,1.9648,98.24
B0033,95,26.43,62.47,10.53,84.26,4.09,1.388,1.9641,98.2
B0033,96,25.33,65.35,19.98,83.83,4.076,1.455,1.9638,98.19
B0033,97,27.83,73.47,18.4,86.71,4.083,1.349,1.9621,98.11
B0033,98,28.63,76.36,30.03,87.01,4.082,1.567,1.9615,98.07
B0033,99,29.16,71.73,12.14,85.42,4.067,1.438,1.9618,98.09
B0033,100,24.84,64.07,24.04,86.45,4.085,1.496,1.9615,98.07
B0033,101,24.74,66.36,18.71,85.33,4.073,1.543,1.9621,98.11
B0033,102,26.52,54.77,17.59,87.37,4.05,1.526,1.9612,98.06
B0033,103,27.23,70.35,24.65,84.93,4.063,1.468,1.9609,98.04
B0033,104,27.53,64.29,21.13,86.37,4.052,1.483,1.9605,98.02
B0033,105,27.06,71.62,19.98,84.88,4.061,1.421,1.9591,97.96
B0033,106,27.42,61.08,18.61,86.95,4.049,1.47,1.9599,98.0
B0033,107,28.73,72.28,17.19,89.29,4.053,1.466,1.959,97.95
B0033,108,26.21,65.61,17.03,85.32,4.044,1.53,1.9595,97.97
B0033,109,26.61,68.34,26.35,86.9,4.046,1.457,1.9581,97.91
B0033,110,27.93,68.36,18.07,86.37,4.065,1.434,1.9584,97.92
B0033,111,28.32,65.73,19.25,87.74,4.05,1.497,1.9583,97.92
B0033,112,28.92,71.42,16.03,88.94,4.081,1.514,1.9574,97.87
B0033,113,28.01,74.88,27.1,89.24,4.074,1.433,1.9577,97.89
B0033,114,26.15,63.19,16.36,88.89,4.071,1.554,1.957,97.85
B0033,115,26.24,63.24,26.58,88.94,4.063,1.499,1.9561,97.8
B0033,116,27.91,67.31,21.34,87.97,4.04,1.481,1.9565,97.82
B0033,117,26.19,65.73,12.43,89.17,4.018,1.458,1.9555,97.78
B0033,118,27.74,65.66,16.52,90.07,4.022,1.528,1.9551,97.75
B0033,119,26.41,69.86,19.82,88.23,4.047,1.581,1.9551,97.76
B0033,120,25.76,83.54,18.7,88.39,4.036,1.475,1.9548,97.74
B0033,121,26.17,68.33,17.96,88.59,4.053,1.512,1.9535,97.67
B0033,122,26.17,75.49,18.01,91.41,4.025,1.448,1.9553,97.76
B0033,123,28.31,67.22,24.59,89.91,4.064,1.462,1.9523,97.62
B0033,124,30.2,64.46,25.13,91.6,4.033,1.492,1.9519,97.6
B0033,125,24.96,71.8,21.75,86.81,4.025,1.463,1.9528,97.64
B0033,126,27.93,72.31,19.15,90.01,4.059,1.524,1.9521,97.61
B0033,127,28.06,68.54,29.15,90.37,4.051,1.538,1.9515,97.57
B0033,128,26.93,78.71,21.91,92.39,4.035,1.527,1.9527,97.64
B0033,129,28.8,71.56,28.33,93.26,4.058,1.495,1.9507,97.54
B0033,130,28.63,65.24,17.89,92.89,4.049,1.559,1.9509,97.55
B0033,131,28.68,67.72,14.11,94.51,4.055,1.554,1.9497,97.49
B0033,132,27.5,66.27,16.32,92.95,4.045,1.494,1.9497,97.48
B0033,133,27.63,63.79,24.71,93.05,4.026,1.433,1.9494,97.47
B0033,134,29.39,74.44,11.88,95.0,4.04,1.58,1.9483,97.42
B0033,135,28.11,58.67,21.83,92.93,4.051,1.417,1.9483,97.42
B0033,136,29.06,62.98,15.08,94.72,4.041,1.463,1.9482,97.41
B0033,137,27.3,60.94,18.88,94.34,4.054,1.573,1.9474,97.37
B0033,138,27.23,68.51,30.86,92.1,4.047,1.5,1.9469,97.34
B0033,139,28.96,64.04,15.8,93.92,4.053,1.441,1.9475,97.37
B0033,140,27.25,55.69,25.04,94.6,4.029,1.523,1.9463,97.32
B0033,141,29.8,73.27,16.51,93.6,4.037,1.467,1.9468,97.34
B0033,142,28.29,65.58,14.71,97.85,4.049,1.587,1.9467,97.33
B0033,143,28.73,66.56,26.62,96.17,4.031,1.353,1.9452,97.26
B0033,144,30.04,73.93,21.65,96.34,4.02,1.531,1.9448,97.24
B0033,145,26.58,71.49,22.81,96.84,4.011,1.452,1.9452,97.26
B0033,146,28.46,75.43,10.63,95.78,4.027,1.433,1.9441,97.2
B0033,147,27.18,77.73,20.16,96.6,4.04,1.522,1.9445,97.23
B0033,148,28.15,78.74,24.85,97.16,4.042,1.516,1.9435,97.18
B0033,149,29.54,77.2,14.91,96.24,4.049,1.421,1.9436,97.18
B0033,150,28.77,72.9,25.81,95.56,4.01,1.441,1.9428,97.14
B0033,151,27.68,68.54,14.17,95.86,4.056,1.559,1.9421,97.11
B0033,152,29.43,64.45,21.71,99.39,4.023,1.48,1.9428,97.14
B0033,153,26.92,50.18,14.81,97.75,4.022,1.533,1.9414,97.07
B0033,154,30.58,80.6,15.14,102.06,4.066,1.509,1.942,97.1
B0033,155,26.92,77.71,19.46,100.16,4.029,1.441,1.941,97.05
B0033,156,28.09,75.29,22.55,100.49,4.014,1.509,1.9404,97.02
B0033,157,24.46,66.4,23.82,98.55,4.002,1.55,1.9411,97.06
B0033,158,29.19,76.6,11.37,99.15,4.016,1.469,1.9399,96.99
B0033,159,28.15,76.8,10.44,100.61,4.019,1.545,1.9387,96.94
B0033,160,26.85,64.68,19.39,100.04,4.029,1.471,1.9387,96.93
B0033,161,29.21,83.42,24.98,101.34,4.03,1.525,1.9386,96.93
B0033,162,29.99,78.84,19.36,100.05,4.0,1.487,1.9376,96.88
B0033,163,28.59,56.71,24.3,104.78,4.044,1.487,1.9394,96.97
B0033,164,28.73,72.42,17.05,100.9,4.015,1.509,1.9371,96.85
B0033,165,27.17,70.32,20.82,100.98,4.039,1.482,1.9375,96.87
B0033,166,29.05,80.38,19.6,101.44,4.04,1.487,1.9367,96.83
B0033,167,30.35,69.17,15.7,101.42,4.027,1.364,1.9358,96.79
B0033,168,28.84,66.32,14.68,101.19,4.014,1.432,1.9364,96.82
B0033,169,29.25,80.93,21.4,104.0,4.036,1.594,1.9353,96.76
B0033,170,28.3,64.25,23.92,103.77,4.049,1.501,1.9349,96.74
B0033,171,29.44,62.16,30.68,102.37,4.005,1.468,1.9349,96.74
B0033,172,28.08,65.81,13.17,105.95,4.023,1.546,1.9351,96.76
B0033,173,30.4,84.67,11.14,102.12,4.002,1.485,1.9342,96.71
B0033,174,28.48,71.75,20.18,100.27,3.993,1.473,1.9344,96.72
B0033,175,28.75,60.96,17.55,103.56,3.987,1.458,1.9343,96.72
B0033,176,27.51,68.77,15.67,104.7,4.006,1.46,1.9329,96.64
B0033,177,29.56,75.53,20.71,105.1,4.025,1.507,1.9317,96.58
B0033,178,29.95,63.63,17.71,105.13,4.016,1.555,1.9318,96.59
B0033,179,27.46,62.2,21.15,109.85,4.011,1.496,1.9325,96.63
B0033,180,28.58,66.16,20.15,104.43,4.0,1.567,1.931,96.55
B0033,181,30.89,72.02,13.29,107.71,4.029,1.537,1.9306,96.53
B0033,182,30.96,70.43,23.14,106.04,4.03,1.471,1.9305,96.52
B0033,183,28.25,70.78,18.87,105.17,4.038,1.436,1.9302,96.51
B0033,184,30.82,63.88,11.02,105.73,3.98,1.416,1.9296,96.48
B0033,185,29.34,77.81,22.92,107.05,4.0,1.429,1.9296,96.48
B0033,186,27.67,68.37,19.2,107.73,4.011,1.486,1.929,96.45
B0033,187,27.75,73.3,22.63,105.47,3.987,1.506,1.9302,96.51
B0033,188,28.47,69.69,18.95,105.98,3.987,1.446,1.9288,96.44
B0033,189,29.92,74.57,16.15,106.92,4.029,1.468,1.9273,96.37
B0033,190,27.06,73.22,21.24,106.58,3.998,1.474,1.9282,96.41
B0033,191,29.16,76.73,20.92,107.5,3.99,1.442,1.9272,96.36
B0033,192,29.11,43.43,17.05,108.92,3.99,1.517,1.9271,96.35
B0033,193,26.97,69.55,11.6,107.97,4.021,1.519,1.9276,96.38
B0033,194,29.64,69.84,16.43,109.21,3.966,1.53,1.9264,96.32
B0033,195,29.18,76.6,24.81,107.9,3.977,1.409,1.9266,96.33
B0033,196,28.44,89.53,23.05,110.38,3.977,1.481,1.9248,96.24
B0033,197,30.41,73.5,17.11,114.23,3.984,1.484,1.9255,96.27
B0033,198,29.87,68.06,20.61,109.5,3.968,1.492,1.9235,96.17
B0033,199,29.21,81.39,25.86,107.92,3.968,1.501,1.9243,96.22
B0033,200,30.2,67.0,17.6,110.02,3.942,1.445,1.9243,96.21
B0033,201,29.07,79.66,15.93,110.68,4.015,1.563,1.9235,96.18
B0033,202,29.79,66.2,16.68,109.93,4.0,1.521,1.9232,96.16
B0033,203,30.6,80.07,29.31,112.5,3.979,1.559,1.9226,96.13
B0033,204,31.19,78.07,20.47,109.01,3.988,1.577,1.9222,96.11
B0033,205,29.57,76.28,24.22,113.28,3.926,1.439,1.9224,96.12
B0033,206,28.88,63.44,21.68,112.19,3.997,1.452,1.9215,96.07
B0033,207,28.54,73.17,16.85,113.22,4.011,1.578,1.9222,96.11
B0033,208,30.26,75.01,26.85,113.75,3.988,1.546,1.9209,96.05
B0033,209,30.29,80.37,21.12,114.48,3.962,1.563,1.921,96.05
B0033,210,29.99,79.41,25.67,113.39,3.99,1.399,1.9196,95.98
B0033,211,30.27,61.07,20.86,111.03,4.016,1.553,1.9201,96.01
B0033,212,30.15,71.48,18.76,112.09,4.002,1.487,1.9192,95.96
B0033,213,29.68,70.17,17.04,112.54,3.99,1.561,1.9189,95.95
B0033,214,29.35,68.96,22.31,114.26,3.99,1.554,1.919,95.95
B0033,215,29.52,62.46,18.46,114.65,3.955,1.617,1.9187,95.94
B0033,216,31.83,70.1,24.34,117.85,3.962,1.494,1.9182,95.91
B0033,217,28.08,73.89,14.47,113.53,3.956,1.46,1.9174,95.87
B0033,218,30.61,59.75,16.26,118.53,3.982,1.454,1.9167,95.83
B0033,219,29.93,70.25,18.25,115.24,3.993,1.484,1.9159,95.79
B0033,220,31.99,68.67,15.14,112.48,3.963,1.469,1.9148,95.74
B0033,221,33.44,84.45,27.47,119.0,3.978,1.549,1.9157,95.78
B0033,222,30.67,69.6,18.74,116.54,3.98,1.498,1.9152,95.76
B0033,223,32.3,46.27,22.55,117.64,3.97,1.51,1.9143,95.71
B0033,224,31.7,81.93,18.5,118.66,3.927,1.465,1.9142,95.71
B0033,225,32.3,78.74,22.61,115.06,3.961,1.577,1.9139,95.7
B0033,226,29.82,70.81,16.23,115.81,3.969,1.416,1.9138,95.69
B0033,227,28.67,70.06,13.37,113.81,3.957,1.501,1.913,95.65
B0033,228,30.2,61.17,15.21,116.6,4.008,1.504,1.9141,95.7
B0033,229,32.09,74.06,25.57,116.81,3.995,1.471,1.914,95.7
B0033,230,32.81,81.87,17.65,116.09,3.956,1.438,1.9123,95.62
B0033,231,31.24,58.35,23.02,115.39,4.0,1.526,1.9118,95.59
B0033,232,31.66,63.93,23.11,118.0,4.006,1.502,1.9112,95.56
B0033,233,32.15,72.34,22.93,118.87,3.95,1.458,1.9119,95.59
B0033,234,32.91,68.29,14.98,116.68,3.995,1.465,1.9106,95.53
B0033,235,31.48,80.85,17.5,117.33,4.014,1.547,1.9103,95.52
B0033,236,30.64,63.82,19.43,122.01,3.935,1.507,1.9105,95.53
B0033,237,30.88,69.06,19.46,120.69,3.973,1.521,1.9095,95.48
B0033,238,27.3,72.4,11.72,121.8,3.941,1.487,1.9096,95.48
B0033,239,30.25,79.88,20.48,120.56,3.965,1.503,1.9081,95.4
B0033,240,31.98,56.1,20.43,121.22,3.955,1.448,1.9084,95.42
B0033,241,31.03,61.34,10.37,121.27,3.968,1.565,1.9078,95.39
B0033,242,30.26,58.55,19.65,119.33,3.958,1.469,1.9081,95.4
B0033,243,28.88,66.47,14.32,119.84,3.981,1.58,1.9079,95.4
B0033,244,31.93,57.59,27.53,121.21,3.983,1.472,1.9062,95.31
B0033,245,28.91,63.92,28.65,121.27,3.957,1.474,1.9079,95.39
B0033,246,30.64,70.58,17.19,121.87,3.977,1.543,1.9072,95.36
B0033,247,30.23,59.99,18.58,122.88,3.968,1.544,1.9053,95.27
B0033,248,31.74,70.96,23.31,119.99,3.97,1.562,1.9056,95.28
B0033,249,29.92,76.58,28.4,121.1,3.957,1.472,1.9057,95.28
B0033,250,30.56,73.47,11.98,122.56,3.952,1.517,1.9058,95.29
B0033,251,33.58,70.84,22.99,124.01,3.94,1.504,1.9045,95.22
B0033,252,31.23,78.26,13.45,122.71,3.961,1.508,1.9051,95.25
B0033,253,32.86,73.5,17.18,122.94,3.971,1.48,1.9046,95.23
B0033,254,31.45,73.37,14.92,126.1,3.943,1.444,1.903,95.15
B0033,255,31.37,52.2,21.68,126.42,3.942,1.52,1.9024,95.12
B0033,256,30.44,67.15,12.37,123.66,3.954,1.469,1.9026,95.13
B0033,257,31.61,67.33,18.34,124.43,3.962,1.494,1.9021,95.11
B0033,258,31.12,68.55,16.43,127.65,3.925,1.486,1.902,95.1
B0033,259,31.1,68.02,18.34,122.33,3.969,1.532,1.901,95.05
B0033,260,30.1,51.85,15.11,128.94,3.952,1.41,1.9017,95.08
B0033,261,30.8,69.57,21.27,125.13,3.93,1.445,1.9011,95.05
B0033,262,31.97,76.19,24.21,124.9,3.958,1.515,1.8999,95.0
B0033,263,31.85,65.11,17.52,129.53,3.945,1.469,1.8999,94.99
B0033,264,30.72,66.07,30.89,127.48,3.933,1.513,1.8995,94.98
B0033,265,32.7,65.42,16.79,127.94,3.955,1.539,1.8979,94.9
B0033,266,32.33,86.14,20.22,124.49,3.926,1.44,1.8982,94.91
B0033,267,33.33,49.58,17.99,125.51,3.931,1.569,1.8997,94.99
B0033,268,32.31,63.33,25.33,127.18,3.915,1.45,1.898,94.9
B0033,269,30.88,70.37,20.39,128.0,3.883,1.513,1.897,94.85
B0033,270,30.16,62.27,15.94,125.51,3.944,1.429,1.8978,94.89
B0033,271,32.35,87.9,13.35,124.07,3.934,1.532,1.8971,94.85
B0033,272,32.82,70.62,24.45,130.78,3.923,1.427,1.8954,94.77
B0033,273,31.5,62.42,22.26,128.23,3.952,1.495,1.8965,94.82
B0033,274,30.88,79.4,10.61,128.53,3.935,1.509,1.8961,94.8
B0033,275,32.78,69.72,18.16,127.96,3.95,1.468,1.8953,94.77
B0033,276,33.09,70.15,17.39,128.07,3.947,1.511,1.8945,94.72
B0033,277,31.39,74.23,22.73,130.85,3.94,1.444,1.8942,94.71
B0033,278,35.07,58.77,24.75,127.94,3.931,1.496,1.8932,94.66
B0033,279,33.73,64.29,18.69,132.4,3.907,1.516,1.8948,94.74
B0033,280,32.07,69.22,24.05,130.59,3.943,1.516,1.8923,94.62
B0033,281,33.45,66.3,25.38,132.07,3.914,1.492,1.8921,94.61
B0033,282,32.54,59.03,27.97,131.07,3.916,1.434,1.8924,94.62
B0033,283,31.56,71.75,23.37,131.4,3.92,1.525,1.8922,94.61
B0033,284,34.1,75.64,24.05,128.92,3.908,1.523,1.8913,94.56
B0033,285,32.33,73.52,28.38,133.28,3.926,1.46,1.8913,94.57
B0033,286,32.31,63.56,27.79,132.46,3.949,1.399,1.8905,94.53
B0033,287,33.11,59.51,19.96,132.88,3.928,1.567,1.8906,94.53
B0033,288,31.71,75.67,20.81,130.69,3.922,1.556,1.8912,94.56
B0033,289,33.02,60.66,19.3,132.63,3.916,1.525,1.889,94.45
B0033,290,33.41,66.35,22.51,133.72,3.925,1.524,1.8895,94.48
B0033,291,31.61,63.43,24.73,133.3,3.915,1.545,1.8893,94.46
B0033,292,31.83,68.92,23.93,132.39,3.961,1.516,1.8883,94.42
B0033,293,31.33,72.95,18.09,133.31,3.922,1.454,1.8885,94.43
B0033,294,33.8,60.75,14.46,136.07,3.91,1.535,1.8876,94.38
B0033,295,33.93,76.52,18.44,130.57,3.917,1.559,1.8877,94.39
B0033,296,31.33,75.6,15.25,135.16,3.904,1.509,1.8878,94.39
B0033,297,32.21,75.64,21.18,136.73,3.928,1.465,1.8869,94.34
B0033,298,32.63,69.39,20.4,135.31,3.875,1.473,1.885,94.25
B0033,299,30.45,67.36,10.06,132.54,3.926,1.5,1.887,94.35
B0033,300,33.16,69.16,13.03,138.03,3.92,1.479,1.8857,94.28
B0033,301,31.11,62.74,22.27,135.82,3.93,1.535,1.8849,94.24
B0033,302,33.46,64.73,20.87,135.65,3.92,1.584,1.8852,94.26
B0033,303,31.31,73.85,27.41,137.15,3.923,1.565,1.8845,94.23
B0033,304,31.61,58.91,19.97,137.89,3.935,1.478,1.8854,94.27
B0033,305,32.5,69.42,20.26,137.24,3.907,1.547,1.8837,94.18
B0033,306,33.51,65.14,26.68,136.47,3.93,1.464,1.884,94.2
B0033,307,33.38,74.35,15.7,136.66,3.899,1.615,1.8831,94.15
B0033,308,32.12,78.04,18.04,137.24,3.922,1.546,1.8835,94.17
B0033,309,34.94,93.56,21.25,138.08,3.902,1.546,1.8823,94.11
B0033,310,31.54,88.95,24.28,136.49,3.925,1.559,1.883,94.15
B0033,311,31.6,75.7,10.26,139.53,3.894,1.425,1.882,94.1
B0033,312,33.33,65.16,23.15,136.97,3.867,1.508,1.8814,94.07
B0033,313,32.99,60.49,20.97,138.1,3.911,1.514,1.8804,94.02
B0033,314,31.77,86.45,17.65,139.8,3.9,1.53,1.8804,94.02
B0033,315,33.54,58.66,18.34,138.19,3.878,1.556,1.8802,94.01
B0033,316,35.2,77.82,26.35,138.2,3.888,1.532,1.8795,93.98
B0033,317,33.58,69.38,26.48,138.15,3.89,1.534,1.8791,93.96
B0033,318,34.59,74.41,29.48,140.39,3.884,1.435,1.878,93.9
B0033,319,32.9,76.03,29.13,141.67,3.894,1.531,1.8783,93.92
B0033,320,34.38,54.16,17.93,140.63,3.875,1.378,1.8773,93.86
B0033,321,32.99,69.43,15.58,141.16,3.912,1.382,1.8777,93.89
B0033,322,31.88,67.56,22.86,141.36,3.89,1.484,1.8774,93.87
B0033,323,32.61,76.15,15.4,141.24,3.896,1.467,1.8767,93.83
B0033,324,31.89,64.82,18.35,140.74,3.916,1.528,1.8781,93.9
B0033,325,32.95,70.38,17.22,143.71,3.913,1.526,1.8763,93.82
B0033,326,32.98,76.0,11.57,142.53,3.909,1.533,1.8759,93.79
B0033,327,33.96,68.43,22.69,140.61,3.897,1.509,1.8758,93.79
B0033,328,31.45,73.64,23.86,145.67,3.877,1.482,1.8757,93.78
B0033,329,33.19,69.39,18.36,141.55,3.892,1.561,1.8751,93.76
B0033,330,36.34,80.68,16.12,142.42,3.928,1.492,1.8742,93.71
B0033,331,32.13,65.99,23.79,142.6,3.906,1.386,1.8739,93.7
B0033,332,33.88,76.89,15.84,140.32,3.925,1.464,1.874,93.7
B0033,333,34.08,74.83,27.56,142.57,3.894,1.564,1.8735,93.67
B0033,334,33.61,62.36,12.3,144.89,3.882,1.47,1.8735,93.68
B0033,335,32.99,70.68,18.8,145.92,3.917,1.419,1.8726,93.63
B0033,336,34.27,63.79,18.76,143.87,3.893,1.534,1.8716,93.58
B0033,337,34.26,64.83,16.85,143.07,3.928,1.46,1.8723,93.62
B0033,338,32.5,72.56,19.45,146.73,3.895,1.474,1.8718,93.59
B0033,339,33.46,65.98,24.37,142.22,3.887,1.423,1.8709,93.55
B0033,340,36.62,62.27,19.19,144.76,3.879,1.521,1.8701,93.51
B0033,341,35.86,76.14,27.39,145.87,3.887,1.518,1.8703,93.52
B0033,342,35.71,68.23,17.97,143.04,3.881,1.493,1.8691,93.46
B0033,343,32.98,78.46,14.69,146.31,3.909,1.499,1.8699,93.5
B0033,344,35.24,75.6,20.62,143.99,3.886,1.473,1.8693,93.46
B0033,345,35.25,75.97,19.08,147.13,3.86,1.462,1.8692,93.46
B0033,346,33.0,68.89,25.85,145.98,3.851,1.528,1.8684,93.42
B0033,347,33.27,70.94,18.23,146.69,3.879,1.524,1.8677,93.38
B0033,348,36.76,77.11,19.56,146.41,3.861,1.472,1.867,93.35
B0033,349,33.34,75.23,14.64,148.57,3.877,1.5,1.8667,93.33
B0033,350,33.63,72.16,25.44,145.33,3.894,1.516,1.8671,93.35
B0033,351,32.98,64.13,15.7,147.36,3.872,1.467,1.8672,93.36
B0033,352,33.45,68.17,20.84,149.87,3.884,1.42,1.8663,93.32
B0033,353,35.01,74.84,17.83,148.39,3.875,1.444,1.866,93.3
B0033,354,32.67,69.3,18.83,148.5,3.852,1.478,1.8657,93.29
B0033,355,35.09,67.2,11.64,147.3,3.881,1.516,1.8649,93.25
B0033,356,32.49,76.07,14.44,149.11,3.848,1.443,1.8642,93.21
B0033,357,34.92,66.87,19.52,148.44,3.874,1.571,1.8631,93.16
B0033,358,34.86,57.15,22.53,151.73,3.853,1.648,1.8643,93.21
B0033,359,36.33,63.63,20.1,151.17,3.878,1.563,1.8623,93.12
B0033,360,34.45,67.07,18.27,150.76,3.875,1.54,1.8624,93.12
B0034,1,23.95,83.35,12.36,60.46,4.149,1.584,1.9984,99.92
B0034,2,24.39,73.2,21.21,60.44,4.124,1.498,1.9994,99.97
B0034,3,20.94,73.43,19.39,61.01,4.109,1.596,1.9997,99.98
B0034,4,23.65,68.83,15.17,63.08,4.156,1.543,1.9986,99.93
B0034,5,24.46,67.13,12.75,60.91,4.158,1.515,1.998,99.9
B0034,6,25.77,79.58,17.72,63.53,4.161,1.432,1.9984,99.92
B0034,7,25.68,73.06,20.8,63.87,4.146,1.524,1.9961,99.8
B0034,8,24.64,66.8,19.72,61.49,4.127,1.468,1.9971,99.86
B0034,9,24.09,67.41,22.51,62.01,4.136,1.484,1.9975,99.87
B0034,10,23.75,57.32,21.78,63.26,4.153,1.51,1.996,99.8
B0034,11,24.56,71.25,23.44,61.36,4.165,1.377,1.9965,99.83
B0034,12,23.85,79.38,19.53,63.16,4.124,1.502,1.9959,99.79
B0034,13,23.23,78.87,27.12,61.15,4.122,1.491,1.9954,99.77
B0034,14,24.68,61.94,16.15,64.92,4.116,1.433,1.9946,99.73
B0034,15,28.05,76.27,18.66,63.67,4.146,1.508,1.993,99.65
B0034,16,24.25,69.09,12.76,62.67,4.102,1.489,1.993,99.65
B0034,17,23.01,69.59,23.44,65.48,4.12,1.502,1.9935,99.67
B0034,18,24.69,55.94,22.85,67.52,4.115,1.491,1.9937,99.69
B0034,19,23.3,64.96,31.37,62.47,4.158,1.56,1.9923,99.61
B0034,20,23.92,72.45,19.93,63.86,4.129,1.479,1.9918,99.59
B0034,21,22.57,87.53,14.09,62.61,4.119,1.521,1.9924,99.62
B0034,22,23.33,74.69,18.65,67.56,4.11,1.504,1.9916,99.58
B0034,23,24.57,74.95,20.07,65.42,4.125,1.565,1.991,99.55
B0034,24,25.15,75.61,23.62,66.49,4.1,1.563,1.9909,99.55
B0034,25,21.07,69.3,25.7,66.75,4.107,1.482,1.9919,99.59
B0034,26,25.57,71.58,9.83,67.95,4.128,1.587,1.9904,99.52
B0034,27,26.49,67.26,32.52,65.36,4.108,1.387,1.9892,99.46
B0034,28,26.43,82.76,14.92,67.16,4.1,1.412,1.9893,99.46
B0034,29,24.27,67.43,18.06,69.41,4.11,1.509,1.989,99.45
B0034,30,25.43,74.43,16.93,68.36,4.094,1.563,1.9882,99.41
B0034,31,26.3,64.22,20.97,67.0,4.127,1.508,1.9875,99.38
B0034,32,22.86,73.67,14.5,67.0,4.114,1.569,1.9879,99.39
B0034,33,25.24,61.36,14.93,68.83,4.122,1.458,1.9878,99.39
B0034,34,23.28,72.25,19.09,68.63,4.151,1.441,1.9863,99.31
B0034,35,22.82,61.04,25.95,67.63,4.106,1.442,1.9862,99.31
B0034,36,22.56,75.75,21.12,66.87,4.148,1.475,1.9869,99.35
B0034,37,25.41,58.36,19.05,69.76,4.115,1.525,1.9859,99.3
B0034,38,23.44,71.58,20.57,69.61,4.086,1.434,1.9857,99.29
B0034,39,22.17,76.54,24.14,70.21,4.068,1.449,1.9853,99.27
B0034,40,25.06,71.08,18.89,70.05,4.112,1.468,1.9846,99.23
B0034,41,26.07,66.55,13.35,69.73,4.13,1.498,1.9846,99.23
B0034,42,24.69,60.01,23.93,70.33,4.138,1.525,1.9845,99.23
B0034,43,22.99,55.84,19.68,71.65,4.108,1.508,1.9847,99.24
B0034,44,24.13,83.93,34.21,71.53,4.108,1.487,1.9835,99.18
B0034,45,24.01,61.32,14.32,70.49,4.055,1.522,1.9829,99.14
B0034,46,24.99,80.77,21.87,68.1,4.095,1.469,1.9834,99.17
B0034,47,26.2,69.93,25.67,73.15,4.118,1.399,1.983,99.15
B0034,48,26.68,70.75,21.96,73.93,4.078,1.542,1.9818,99.09
B0034,49,26.11,62.21,29.92,73.29,4.072,1.606,1.9809,99.05
B0034,50,23.69,78.2,15.03,73.66,4.122,1.436,1.9815,99.08
B0034,51,26.5,78.36,15.31,70.68,4.091,1.524,1.9795,98.97
B0034,52,24.19,72.11,21.21,74.23,4.095,1.512,1.9808,99.04
B0034,53,26.62,76.33,23.93,74.04,4.082,1.436,1.9801,99.0
B0034,54,25.19,62.77,23.95,70.7,4.086,1.427,1.9791,98.95
B0034,55,24.75,73.64,18.79,75.66,4.051,1.562,1.9798,98.99
B0034,56,24.68,69.38,17.36,72.24,4.1,1.526,1.9779,98.9
B0034,57,23.43,62.64,19.26,72.97,4.092,1.532,1.9794,98.97
B0034,58,24.99,78.63,15.01,77.34,4.08,1.434,1.9788,98.94
B0034,59,23.34,78.6,18.29,74.51,4.116,1.491,1.9779,98.89
B0034,60,28.27,71.07,25.31,75.04,4.083,1.517,1.9763,98.81
B0034,61,26.1,65.42,20.83,78.44,4.108,1.593,1.9761,98.81
B0034,62,24.76,75.62,26.69,74.77,4.129,1.451,1.9768,98.84
B0034,63,23.94,82.22,25.98,75.69,4.084,1.514,1.9763,98.81
B0034,64,27.47,71.91,30.83,75.99,4.085,1.446,1.9758,98.79
B0034,65,25.42,73.34,22.62,77.05,4.113,1.503,1.9743,98.71
B0034,66,27.65,89.19,22.66,75.7,4.097,1.523,1.975,98.75
B0034,67,26.51,73.68,20.03,77.36,4.126,1.551,1.9748,98.74
B0034,68,26.34,78.24,18.14,75.9,4.088,1.479,1.9743,98.71
B0034,69,27.18,66.2,15.99,76.69,4.092,1.523,1.9727,98.63
B0034,70,24.39,79.88,23.19,76.54,4.09,1.502,1.973,98.65
B0034,71,26.1,58.36,20.55,78.25,4.044,1.407,1.9738,98.69
B0034,72,26.8,65.63,15.06,78.59,4.103,1.492,1.9718,98.59
B0034,73,29.06,65.16,28.72,75.85,4.097,1.516,1.9716,98.58
B0034,74,24.62,62.62,19.88,74.8,4.109,1.475,1.9722,98.61
B0034,75,24.31,77.53,19.88,79.43,4.083,1.492,1.9716,98.58
B0034,76,26.52,66.69,15.74,78.85,4.084,1.554,1.9706,98.53
B0034,77,25.83,70.12,17.0,79.82,4.1,1.471,1.9706,98.53
B0034,78,25.45,76.34,21.26,81.45,4.046,1.539,1.9709,98.54
B0034,79,24.51,85.09,12.28,79.7,4.073,1.509,1.9695,98.48
B0034,80,26.82,62.76,15.92,77.51,4.071,1.652,1.9691,98.46
B0034,81,24.93,79.18,17.07,81.24,4.101,1.49,1.9695,98.47
B0034,82,28.5,65.29,21.17,78.9,4.074,1.508,1.9682,98.41
B0034,83,25.63,89.53,15.81,82.09,4.076,1.457,1.9681,98.41
B0034,84,25.26,65.86,11.07,78.76,4.106,1.531,1.9686,98.43
B0034,85,27.15,74.71,20.83,80.42,4.079,1.537,1.967,98.35
B0034,86,24.65,94.77,20.14,83.39,4.092,1.502,1.9677,98.38
B0034,87,26.42,57.97,17.22,82.49,4.098,1.494,1.9665,98.32
B0034,88,24.63,78.45,27.18,81.8,4.095,1.671,1.9664,98.32
B0034,89,26.47,59.51,17.07,79.9,4.079,1.519,1.9659,98.29
B0034,90,28.2,80.48,24.32,83.84,4.085,1.513,1.9668,98.34
B0034,91,24.31,63.79,14.17,82.68,4.056,1.631,1.9667,98.34
B0034,92,26.21,80.35,12.15,83.16,4.053,1.479,1.9654,98.27
B0034,93,26.19,68.13,29.28,84.02,4.08,1.531,1.9645,98.23
B0034,94,26.38,67.43,20.83,85.28,4.063,1.538,1.9636,98.18
B0034,95,26.27,70.27,17.63,85.8,4.069,1.507,1.9639,98.19
B0034,96,24.8,67.53,18.79,84.03,4.059,1.504,1.9641,98.2
B0034,97,26.71,62.35,18.01,86.07,4.071,1.467,1.9631,98.15
B0034,98,27.08,83.66,24.58,85.67,4.094,1.554,1.9622,98.11
B0034,99,27.31,78.55,14.59,84.99,4.067,1.473,1.9629,98.14
B0034,100,27.65,55.1,17.33,82.58,4.097,1.432,1.962,98.1
B0034,101,25.98,77.26,23.23,86.24,4.069,1.617,1.9625,98.13
B0034,102,27.2,68.87,15.72,84.29,4.092,1.501,1.9614,98.07
B0034,103,27.43,82.11,8.21,85.93,4.071,1.459,1.9602,98.01
B0034,104,25.87,73.91,31.92,87.97,4.056,1.47,1.9601,98.01
B0034,105,25.87,66.09,9.74,85.42,4.059,1.507,1.9604,98.02
B0034,106,27.27,69.88,17.09,85.6,4.042,1.523,1.9607,98.03
B0034,107,27.96,77.51,23.78,86.02,4.046,1.425,1.9593,97.96
B0034,108,28.09,68.6,13.77,85.72,4.061,1.553,1.9592,97.96
B0034,109,26.51,51.98,19.05,86.93,4.046,1.511,1.9589,97.94
B0034,110,27.04,69.8,22.06,86.8,4.086,1.528,1.9584,97.92
B0034,111,27.98,79.81,22.63,85.47,4.063,1.491,1.9572,97.86
B0034,112,29.03,77.42,16.85,88.33,4.065,1.449,1.9571,97.85
B0034,113,27.48,68.17,21.41,87.4,4.08,1.447,1.9573,97.86
B0034,114,25.9,69.59,16.14,88.64,4.024,1.45,1.9574,97.87
B0034,115,29.57,73.68,16.27,89.71,4.073,1.494,1.9556,97.78
B0034,116,28.31,53.69,14.72,89.58,4.034,1.513,1.9555,97.77
B0034,117,26.42,67.78,25.12,87.83,4.033,1.479,1.9552,97.76
B0034,118,27.16,64.74,25.2,90.16,4.026,1.558,1.9551,97.76
B0034,119,23.84,76.67,24.67,91.64,4.048,1.503,1.9556,97.78
B0034,120,27.66,95.49,26.72,88.73,4.054,1.459,1.9538,97.69
B0034,121,28.27,71.12,14.38,89.04,4.053,1.457,1.9539,97.69
B0034,122,27.35,76.0,19.73,90.83,4.062,1.445,1.9539,97.7
B0034,123,27.66,80.54,22.87,91.77,4.056,1.538,1.9531,97.66
B0034,124,24.95,57.57,25.02,91.56,4.039,1.45,1.954,97.7
B0034,125,27.83,71.61,30.55,93.45,4.051,1.467,1.9526,97.63
B0034,126,28.4,74.53,20.18,90.7,4.03,1.538,1.9515,97.58
B0034,127,27.2,69.36,21.4,89.66,4.073,1.506,1.9517,97.59
B0034,128,27.25,73.45,21.18,92.87,4.057,1.568,1.9512,97.56
B0034,129,28.59,68.72,14.39,92.04,4.034,1.413,1.9498,97.49
B0034,130,27.96,71.19,12.42,91.83,4.097,1.472,1.9503,97.51
B0034,131,27.06,63.0,26.39,91.69,4.057,1.431,1.9505,97.53
B0034,132,28.37,84.25,22.83,94.39,4.074,1.56,1.9494,97.47
B0034,133,28.17,77.23,15.57,91.85,4.034,1.346,1.9488,97.44
B0034,134,28.16,64.85,25.56,95.26,4.016,1.552,1.9489,97.44
B0034,135,30.23,76.11,23.95,93.08,4.055,1.425,1.9479,97.39
B0034,136,27.24,55.83,16.48,94.83,4.038,1.509,1.9481,97.41
B0034,137,25.5,67.02,16.59,95.15,4.019,1.47,1.9486,97.43
B0034,138,25.29,67.65,14.56,93.1,4.04,1.493,1.9479,97.39
B0034,139,29.83,73.98,10.8,94.86,4.017,1.352,1.9475,97.38
B0034,140,29.48,75.76,22.6,95.7,4.02,1.51,1.9467,97.34
B0034,141,26.78,82.13,12.15,95.41,4.024,1.508,1.9459,97.3
B0034,142,28.8,80.93,21.57,95.62,4.07,1.567,1.9462,97.31
B0034,143,29.04,76.37,23.5,95.19,4.006,1.503,1.9448,97.24
B0034,144,27.0,61.56,16.4,96.35,4.039,1.439,1.9442,97.21
B0034,145,25.79,63.45,27.19,97.19,4.045,1.47,1.9451,97.25
B0034,146,29.7,64.94,27.03,93.93,4.018,1.411,1.9438,97.19
B0034,147,29.46,69.8,8.86,96.02,4.001,1.584,1.9439,97.19
B0034,148,28.23,67.65,18.0,95.04,4.057,1.476,1.9445,97.23
B0034,149,28.15,53.65,13.41,97.89,4.063,1.567,1.9432,97.16
B0034,150,27.88,73.78,18.42,99.37,4.029,1.51,1.9419,97.1
B0034,151,29.92,74.64,27.79,98.46,4.016,1.588,1.9431,97.16
B0034,152,30.07,70.26,27.68,98.28,4.075,1.498,1.9408,97.04
B0034,153,27.99,76.93,18.23,100.43,4.023,1.415,1.9418,97.09
B0034,154,28.72,64.43,24.33,100.83,4.04,1.555,1.9408,97.04
B0034,155,27.5,76.43,29.84,101.49,4.01,1.457,1.9413,97.07
B0034,156,28.69,75.73,24.56,99.71,4.009,1.426,1.9408,97.04
B0034,157,27.25,63.99,22.61,97.14,4.031,1.441,1.9399,96.99
B0034,158,29.15,65.02,14.74,98.72,4.016,1.389,1.9396,96.98
B0034,159,29.56,76.57,20.03,101.58,4.006,1.477,1.9401,97.01
B0034,160,31.23,64.37,23.71,100.74,4.025,1.519,1.9381,96.91
B0034,161,28.81,69.58,27.56,101.81,4.034,1.535,1.9393,96.96
B0034,162,29.86,69.26,10.66,99.11,4.005,1.438,1.938,96.9
B0034,163,27.97,65.23,8.11,104.16,4.026,1.49,1.9379,96.89
B0034,164,28.51,66.63,20.45,99.83,4.052,1.426,1.9373,96.87
B0034,165,29.47,69.19,29.5,100.8,4.012,1.502,1.937,96.85
B0034,166,27.27,63.87,11.08,101.65,4.021,1.401,1.9376,96.88
B0034,167,28.5,74.51,19.19,101.18,4.005,1.468,1.9368,96.84
B0034,168,28.91,88.46,16.28,101.98,4.0,1.555,1.9363,96.81
B0034,169,25.88,65.75,24.09,101.03,4.023,1.545,1.9364,96.82
B0034,170,29.01,63.59,22.28,103.67,4.041,1.37,1.9356,96.78
B0034,171,28.92,56.11,32.21,103.94,4.01,1.46,1.935,96.75
B0034,172,27.71,82.69,24.78,103.23,4.017,1.487,1.9337,96.68
B0034,173,28.5,61.66,20.42,103.95,4.013,1.514,1.9346,96.73
B0034,174,30.89,69.7,23.78,105.66,4.03,1.485,1.9323,96.62
B0034,175,29.18,59.45,22.49,103.89,4.029,1.44,1.933,96.65
B0034,176,30.9,77.21,19.65,104.82,4.038,1.505,1.9327,96.64
B0034,177,29.14,70.14,28.91,104.28,4.036,1.507,1.9327,96.64
B0034,178,30.36,62.71,18.97,103.64,4.004,1.513,1.9313,96.56
B0034,179,27.84,66.69,20.56,106.72,4.035,1.457,1.9322,96.61
B0034,180,29.19,75.39,27.58,105.56,4.018,1.534,1.9309,96.55
B0034,181,27.97,71.54,27.3,105.5,3.999,1.384,1.9314,96.57
B0034,182,29.14,72.41,17.44,104.22,4.02,1.599,1.9313,96.56
B0034,183,30.81,59.25,24.27,104.95,3.994,1.535,1.9305,96.52
B0034,184,30.33,69.22,19.59,106.96,4.025,1.436,1.9296,96.48
B0034,185,29.23,61.46,19.75,106.26,3.985,1.426,1.9296,96.48
B0034,186,26.72,68.95,17.84,108.5,3.981,1.571,1.9301,96.5
B0034,187,31.22,54.39,20.46,102.5,3.975,1.539,1.9285,96.42
B0034,188,31.72,77.22,21.62,109.61,4.039,1.471,1.9284,96.42
B0034,189,26.93,53.21,26.61,107.59,3.962,1.462,1.9283,96.42
B0034,190,29.0,71.66,18.01,106.36,4.023,1.512,1.9283,96.41
B0034,191,30.12,62.81,5.23,106.52,4.005,1.664,1.9276,96.38
B0034,192,30.25,91.89,22.84,108.58,4.031,1.591,1.9272,96.36
B0034,193,28.76,72.03,12.85,110.69,3.994,1.467,1.9262,96.31
B0034,194,29.91,73.34,20.41,108.36,4.015,1.537,1.9258,96.29
B0034,195,28.33,61.92,18.73,109.07,3.981,1.513,1.9257,96.28
B0034,196,29.14,77.04,21.67,109.42,4.019,1.472,1.9256,96.28
B0034,197,30.05,69.44,22.13,109.49,4.014,1.453,1.9252,96.26
B0034,198,28.0,59.67,14.15,107.48,3.988,1.531,1.9247,96.23
B0034,199,30.13,66.92,20.95,109.5,3.987,1.612,1.9243,96.22
B0034,200,30.63,89.85,17.52,108.1,3.976,1.595,1.9238,96.19
B0034,201,29.06,85.35,13.78,109.76,3.988,1.546,1.9244,96.22
B0034,202,30.26,66.67,19.33,109.21,3.972,1.551,1.9232,96.16
B0034,203,27.55,82.94,18.29,111.87,4.016,1.556,1.9237,96.19
B0034,204,30.38,78.69,11.42,109.72,4.013,1.481,1.9224,96.12
B0034,205,30.82,74.29,15.69,113.26,3.969,1.506,1.9222,96.11
B0034,206,28.9,67.49,19.77,110.12,3.993,1.458,1.922,96.1
B0034,207,28.89,62.49,19.61,114.11,3.968,1.608,1.9211,96.05
B0034,208,28.69,78.67,16.39,110.94,3.984,1.529,1.9213,96.06
B0034,209,30.73,62.45,15.05,112.14,3.979,1.452,1.9209,96.04
B0034,210,30.28,88.1,17.48,113.42,3.97,1.533,1.9202,96.01
B0034,211,29.12,84.66,21.72,111.93,3.972,1.569,1.9201,96.0
B0034,212,28.49,64.66,17.19,112.66,3.952,1.48,1.9197,95.99
B0034,213,29.93,64.98,23.43,113.26,3.985,1.392,1.9185,95.93
B0034,214,29.57,78.04,17.88,116.97,4.012,1.523,1.919,95.95
B0034,215,31.47,52.19,16.06,113.52,3.969,1.372,1.9178,95.89
B0034,216,30.6,74.35,28.01,112.77,3.926,1.485,1.9181,95.91
B0034,217,31.25,65.11,30.72,114.56,3.95,1.514,1.9175,95.87
B0034,218,27.82,75.55,23.62,113.09,3.981,1.528,1.9168,95.84
B0034,219,30.76,63.08,8.04,114.63,3.965,1.538,1.9165,95.83
B0034,220,30.2,59.45,10.34,118.64,3.986,1.509,1.9169,95.84
B0034,221,30.07,68.02,25.84,116.22,3.966,1.597,1.9158,95.79
B0034,222,31.21,79.96,17.08,115.19,3.976,1.582,1.9147,95.74
B0034,223,29.1,71.63,22.19,115.17,4.015,1.435,1.9152,95.76
B0034,224,32.13,79.72,29.5,114.76,4.003,1.406,1.9153,95.76
B0034,225,28.48,66.09,20.96,116.1,3.959,1.516,1.9141,95.7
B0034,226,31.0,73.53,19.11,115.15,4.0,1.509,1.9149,95.74
B0034,227,30.08,78.95,14.35,117.03,3.961,1.505,1.9139,95.7
B0034,228,30.27,58.81,20.91,117.3,3.996,1.486,1.9139,95.7
B0034,229,29.12,68.98,15.84,117.13,4.003,1.558,1.9128,95.64
B0034,230,30.37,75.72,18.03,117.06,3.983,1.572,1.9125,95.62
B0034,231,31.55,77.38,24.62,116.18,4.002,1.59,1.9117,95.58
B0034,232,30.34,67.03,23.06,117.81,3.941,1.515,1.9116,95.58
B0034,233,31.31,75.81,21.75,119.84,3.965,1.477,1.9113,95.57
B0034,234,30.46,56.03,19.09,119.15,3.994,1.487,1.9105,95.52
B0034,235,31.29,76.34,31.71,117.31,3.982,1.593,1.9103,95.52
B0034,236,30.35,76.73,26.14,119.32,3.949,1.496,1.9099,95.49
B0034,237,31.32,77.27,21.67,120.19,3.979,1.519,1.9098,95.49
B0034,238,29.79,68.55,24.74,116.4,3.995,1.526,1.9102,95.51
B0034,239,31.56,61.39,23.69,117.48,3.992,1.508,1.9091,95.45
B0034,240,30.38,66.98,9.92,120.5,3.956,1.564,1.9087,95.43
B0034,241,29.23,65.23,15.75,120.43,3.968,1.483,1.9087,95.43
B0034,242,29.86,83.49,32.06,119.46,3.989,1.428,1.908,95.4
B0034,243,30.55,64.43,14.2,119.54,3.959,1.501,1.9078,95.39
B0034,244,30.23,67.04,18.85,120.9,3.974,1.529,1.907,95.35
B0034,245,31.69,81.1,14.4,124.0,3.948,1.359,1.9069,95.34
B0034,246,30.79,71.08,6.91,120.61,3.963,1.489,1.9055,95.27
B0034,247,29.52,61.44,15.32,121.65,3.944,1.453,1.9058,95.29
B0034,248,32.53,81.71,25.92,122.59,3.929,1.488,1.9051,95.25
B0034,249,30.31,55.4,25.29,124.12,3.969,1.528,1.9057,95.28
B0034,250,31.89,65.08,29.29,123.09,3.939,1.453,1.9045,95.22
B0034,251,31.76,71.74,16.05,120.91,3.978,1.469,1.905,95.25
B0034,252,30.81,81.6,14.39,121.91,3.984,1.6,1.9047,95.24
B0034,253,32.15,76.27,17.1,123.85,3.967,1.495,1.9027,95.13
B0034,254,30.96,83.3,22.7,124.06,3.932,1.471,1.9026,95.13
B0034,255,31.43,64.99,14.46,123.1,3.952,1.515,1.9023,95.11
B0034,256,30.63,81.61,14.41,124.48,3.946,1.435,1.9026,95.13
B0034,257,32.41,75.95,16.62,124.98,3.921,1.457,1.9016,95.08
B0034,258,32.76,72.48,17.18,123.84,3.938,1.458,1.9019,95.09
B0034,259,29.34,79.12,24.85,124.98,3.927,1.487,1.9025,95.13
B0034,260,31.04,66.58,30.01,123.88,3.931,1.552,1.9013,95.07
B0034,261,29.5,63.9,27.23,125.62,3.987,1.512,1.901,95.05
B0034,262,30.67,67.74,14.32,126.52,3.965,1.561,1.8998,94.99
B0034,263,31.05,62.44,19.74,126.08,3.965,1.492,1.9003,95.02
B0034,264,31.76,69.25,24.01,122.8,3.955,1.549,1.8998,94.99
B0034,265,32.14,64.88,14.32,126.58,3.938,1.591,1.8991,94.95
B0034,266,30.5,84.2,20.16,126.26,3.96,1.482,1.8999,94.99
B0034,267,29.9,68.68,15.71,128.02,3.917,1.465,1.8985,94.92
B0034,268,32.6,63.13,14.59,127.63,3.945,1.466,1.8983,94.91
B0034,269,31.73,82.22,15.13,127.98,3.935,1.464,1.8985,94.93
B0034,270,32.54,76.71,8.96,131.09,3.946,1.534,1.8973,94.87
B0034,271,33.19,70.14,23.98,128.76,3.929,1.509,1.8958,94.79
B0034,272,31.11,70.1,14.16,127.66,3.917,1.475,1.8969,94.84
B0034,273,31.65,73.22,24.75,130.35,3.952,1.525,1.8964,94.82
B0034,274,32.06,72.55,25.94,130.7,3.933,1.528,1.8948,94.74
B0034,275,33.52,65.01,18.41,130.27,3.951,1.488,1.8948,94.74
B0034,276,30.13,71.97,15.41,127.15,3.941,1.568,1.8959,94.79
B0034,277,32.01,71.69,25.91,130.08,3.931,1.528,1.8955,94.78
B0034,278,31.42,63.46,20.7,130.98,3.92,1.433,1.8934,94.67
B0034,279,30.01,80.53,15.22,131.82,3.896,1.575,1.8942,94.71
B0034,280,31.75,60.81,18.76,130.77,3.916,1.404,1.8936,94.68
B0034,281,31.82,59.15,21.02,129.6,3.934,1.489,1.8936,94.68
B0034,282,32.42,75.44,14.21,125.63,3.938,1.485,1.8927,94.63
B0034,283,30.97,72.53,25.86,129.38,3.932,1.433,1.8932,94.66
B0034,284,31.38,79.78,20.31,128.33,3.933,1.543,1.8931,94.66
B0034,285,30.27,73.6,26.65,131.9,3.936,1.393,1.8912,94.56
B0034,286,34.76,65.4,15.33,133.93,3.967,1.506,1.8907,94.53
B0034,287,33.46,70.35,14.81,131.04,3.956,1.565,1.8895,94.48
B0034,288,33.03,84.63,31.16,130.92,3.888,1.612,1.8904,94.52
B0034,289,31.8,79.08,16.29,131.38,3.9,1.49,1.8894,94.47
B0034,290,31.72,74.77,19.74,132.2,3.909,1.471,1.8895,94.48
B0034,291,34.84,71.8,10.08,133.04,3.958,1.551,1.889,94.45
B0034,292,31.31,89.35,19.84,131.43,3.875,1.43,1.8884,94.42
B0034,293,28.55,86.9,21.07,133.95,3.923,1.531,1.8899,94.49
B0034,294,33.93,67.68,15.6,134.9,3.92,1.609,1.8873,94.37
B0034,295,31.98,62.8,22.09,134.6,3.901,1.48,1.888,94.4
B0034,296,34.81,66.76,16.01,132.65,3.905,1.529,1.8862,94.31
B0034,297,33.69,79.76,16.26,133.72,3.906,1.56,1.8865,94.33
B0034,298,31.94,72.23,20.78,136.03,3.926,1.401,1.8873,94.36
B0034,299,32.96,63.82,25.49,134.31,3.923,1.503,1.8867,94.33
B0034,300,33.57,57.85,28.26,137.21,3.93,1.499,1.8854,94.27
B0034,301,31.15,65.49,27.95,134.51,3.859,1.489,1.8848,94.24
B0034,302,32.37,68.0,22.64,137.15,3.921,1.41,1.8847,94.24
B0034,303,32.34,88.43,21.87,136.45,3.92,1.381,1.8844,94.22
B0034,304,32.49,69.7,26.41,133.67,3.923,1.46,1.8842,94.21
B0034,305,31.35,63.33,22.71,137.12,3.923,1.524,1.8838,94.19
B0034,306,32.96,75.58,7.91,135.09,3.935,1.493,1.8833,94.17
B0034,307,32.9,57.96,25.08,137.74,3.892,1.461,1.8829,94.15
B0034,308,33.17,64.44,22.17,136.33,3.946,1.522,1.8837,94.18
B0034,309,33.13,85.88,8.32,136.75,3.926,1.544,1.8828,94.14
B0034,310,31.92,77.98,17.98,136.12,3.906,1.475,1.8816,94.08
B0034,311,34.25,65.82,19.79,138.74,3.923,1.511,1.8812,94.06
B0034,312,32.52,67.2,20.13,137.93,3.906,1.424,1.8811,94.05
B0034,313,33.85,71.45,25.01,135.8,3.901,1.49,1.8807,94.03
B0034,314,33.97,53.44,20.21,137.67,3.907,1.469,1.8803,94.01
B0034,315,32.23,66.73,16.45,137.8,3.887,1.588,1.88,94.0
B0034,316,34.29,55.11,16.18,139.65,3.873,1.558,1.8794,93.97
B0034,317,34.16,73.86,26.78,140.11,3.933,1.555,1.8788,93.94
B0034,318,32.19,75.07,16.68,140.37,3.873,1.494,1.8788,93.94
B0034,319,33.55,66.51,21.57,139.89,3.905,1.569,1.878,93.9
B0034,320,33.82,71.61,15.21,140.68,3.925,1.502,1.8777,93.89
B0034,321,31.11,56.4,23.68,141.0,3.901,1.492,1.8784,93.92
B0034,322,33.2,63.08,19.92,140.07,3.892,1.489,1.8777,93.88
B0034,323,34.45,68.96,25.12,142.26,3.907,1.516,1.8761,93.8
B0034,324,34.42,70.71,24.92,140.66,3.915,1.505,1.876,93.8
B0034,325,33.28,66.19,20.83,142.77,3.902,1.53,1.8758,93.79
B0034,326,34.96,68.8,14.42,140.94,3.882,1.41,1.8748,93.74
B0034,327,34.15,57.03,16.25,143.01,3.88,1.493,1.8751,93.76
B0034,328,32.45,65.61,21.33,141.76,3.865,1.557,1.8755,93.77
B0034,329,34.14,76.34,26.45,141.84,3.856,1.657,1.8751,93.75
B0034,330,33.38,78.31,13.81,145.47,3.888,1.449,1.8739,93.7
B0034,331,33.42,52.19,19.81,142.9,3.886,1.526,1.8733,93.67
B0034,332,34.34,56.72,20.44,141.26,3.891,1.597,1.8722,93.61
B0034,333,34.97,65.89,21.03,142.29,3.89,1.486,1.8731,93.66
B0034,334,33.81,64.01,13.62,146.22,3.888,1.483,1.8729,93.65
B0034,335,34.61,68.73,29.34,144.99,3.872,1.525,1.872,93.6
B0034,336,34.07,69.55,17.49,144.57,3.9,1.494,1.8722,93.61
B0034,337,34.11,69.7,20.49,144.43,3.941,1.516,1.8717,93.58
B0034,338,34.57,73.5,18.69,144.28,3.908,1.483,1.8705,93.52
B0034,339,32.67,72.92,14.48,143.12,3.881,1.428,1.8709,93.55
B0034,340,37.25,56.77,20.05,146.8,3.9,1.484,1.8695,93.47
B0034,341,35.51,77.31,21.06,145.0,3.866,1.562,1.8695,93.48
B0034,342,35.49,62.93,19.23,145.63,3.885,1.547,1.8696,93.48
B0034,343,33.05,63.23,26.18,143.98,3.875,1.483,1.8698,93.49
B0034,344,35.84,77.4,25.74,147.63,3.867,1.49,1.8684,93.42
B0034,345,32.82,68.32,23.42,148.37,3.856,1.525,1.8687,93.43
B0034,346,32.54,70.75,23.7,147.47,3.86,1.417,1.8685,93.42
B0034,347,34.74,83.95,15.02,147.04,3.853,1.443,1.867,93.35
B0034,348,34.12,66.76,13.44,145.82,3.884,1.5,1.8683,93.42
B0034,349,33.53,71.62,25.2,147.22,3.897,1.452,1.8672,93.36
B0034,350,33.89,68.39,13.82,144.53,3.919,1.453,1.867,93.35
B0034,351,36.09,70.3,22.82,148.21,3.889,1.533,1.8665,93.33
B0034,352,35.15,67.05,17.6,148.9,3.897,1.581,1.8665,93.33
B0034,353,34.61,63.87,11.51,145.77,3.871,1.489,1.8649,93.25
B0034,354,34.19,70.29,20.69,148.57,3.83,1.537,1.8667,93.33
B0034,355,33.64,52.74,15.93,150.67,3.876,1.517,1.8653,93.26
B0034,356,35.75,69.23,23.77,147.3,3.904,1.429,1.8636,93.18
B0034,357,35.47,57.86,23.01,149.17,3.867,1.531,1.8631,93.15
B0034,358,34.0,84.55,20.96,148.83,3.854,1.469,1.8639,93.2
B0034,359,34.01,66.1,16.71,148.44,3.875,1.53,1.8624,93.12
B0034,360,35.21,69.53,18.8,150.58,3.864,1.422,1.8627,93.13
B0042,1,23.09,70.27,21.79,60.0,4.155,1.515,1.9988,99.94
B0042,2,25.47,74.61,14.96,60.92,4.128,1.451,1.9999,99.99
B0042,3,22.43,71.29,27.54,61.6,4.135,1.436,1.9994,99.97
B0042,4,24.86,61.24,20.11,62.34,4.114,1.52,1.9984,99.92
B0042,5,23.0,65.91,1.82,62.15,4.12,1.444,1.9972,99.86
B0042,6,23.44,75.74,10.54,64.15,4.11,1.504,1.9979,99.89
B0042,7,26.71,75.06,20.63,61.23,4.161,1.48,1.9963,99.82
B0042,8,21.75,66.87,15.17,61.56,4.158,1.535,1.9977,99.88
B0042,9,24.44,69.98,14.71,62.33,4.149,1.495,1.9977,99.88
B0042,10,23.51,73.72,19.58,64.41,4.15,1.538,1.9955,99.78
B0042,11,22.64,75.3,21.88,63.5,4.14,1.635,1.9957,99.78
B0042,12,24.12,77.49,17.65,64.45,4.137,1.583,1.995,99.75
B0042,13,23.19,66.1,21.06,63.55,4.156,1.467,1.9947,99.74
B0042,14,22.91,72.47,19.61,63.46,4.123,1.496,1.9947,99.73
B0042,15,24.34,67.56,18.98,65.02,4.131,1.613,1.9945,99.73
B0042,16,24.53,65.59,33.35,65.52,4.138,1.531,1.9936,99.68
B0042,17,25.01,61.18,21.84,63.96,4.113,1.518,1.994,99.7
B0042,18,24.8,73.85,21.44,64.09,4.145,1.553,1.9934,99.67
B0042,19,23.05,57.75,16.37,66.59,4.105,1.515,1.9926,99.63
B0042,20,26.66,73.32,27.11,63.73,4.122,1.502,1.9913,99.57
B0042,21,24.61,77.33,22.04,63.16,4.083,1.509,1.9936,99.68
B0042,22,24.8,72.27,15.21,66.6,4.097,1.427,1.9915,99.57
B0042,23,24.55,84.33,28.5,64.69,4.142,1.477,1.9909,99.54
B0042,24,23.66,52.85,20.51,66.1,4.076,1.508,1.9915,99.58
B0042,25,21.69,78.7,22.61,67.04,4.101,1.504,1.9912,99.56
B0042,26,25.59,45.25,17.76,66.23,4.15,1.444,1.9899,99.49
B0042,27,23.92,54.67,27.55,66.08,4.119,1.532,1.9901,99.5
B0042,28,25.11,91.18,22.27,66.15,4.112,1.425,1.9896,99.48
B0042,29,24.77,76.27,16.93,69.5,4.087,1.397,1.9895,99.47
B0042,30,23.37,57.68,21.93,67.16,4.141,1.465,1.9889,99.44
B0042,31,25.72,82.09,17.72,67.44,4.136,1.421,1.9877,99.39
B0042,32,22.84,66.87,15.56,67.63,4.131,1.48,1.9885,99.43
B0042,33,23.86,67.19,16.15,65.79,4.119,1.472,1.9882,99.41
B0042,34,26.04,58.42,17.29,67.17,4.111,1.439,1.9862,99.31
B0042,35,23.29,82.38,20.86,66.19,4.123,1.558,1.9871,99.36
B0042,36,26.32,75.35,14.35,70.03,4.076,1.444,1.9862,99.31
B0042,37,26.03,77.01,12.26,69.46,4.128,1.468,1.9852,99.26
B0042,38,25.77,76.75,18.24,68.56,4.145,1.494,1.9854,99.27
B0042,39,23.92,64.27,20.63,67.77,4.15,1.515,1.9851,99.26
B0042,40,25.62,69.22,20.1,71.53,4.108,1.538,1.985,99.25
B0042,41,24.57,71.57,15.98,69.07,4.104,1.484,1.9838,99.19
B0042,42,24.69,75.78,18.42,69.33,4.113,1.461,1.9836,99.18
B0042,43,25.65,69.87,19.22,69.83,4.12,1.462,1.9831,99.15
B0042,44,25.31,60.44,16.69,73.73,4.106,1.583,1.9834,99.17
B0042,45,25.47,66.9,27.7,70.35,4.117,1.485,1.9824,99.12
B0042,46,22.85,77.49,25.47,72.18,4.1,1.542,1.9822,99.11
B0042,47,26.29,83.11,19.78,70.71,4.117,1.423,1.982,99.1
B0042,48,26.23,74.7,22.93,74.33,4.119,1.47,1.9816,99.08
B0042,49,24.62,62.96,22.76,73.86,4.128,1.456,1.9818,99.09
B0042,50,25.13,70.13,24.42,70.07,4.099,1.487,1.9801,99.0
B0042,51,23.71,66.12,22.14,70.4,4.162,1.513,1.9813,99.07
B0042,52,25.55,61.22,21.3,70.16,4.082,1.54,1.9805,99.03
B0042,53,27.78,72.94,25.52,73.15,4.122,1.583,1.9798,98.99
B0042,54,27.04,61.47,19.67,73.17,4.108,1.541,1.979,98.95
B0042,55,26.71,83.49,18.35,74.27,4.136,1.476,1.9796,98.98
B0042,56,26.36,75.57,20.96,72.66,4.054,1.444,1.9785,98.92
B0042,57,25.1,78.78,19.48,72.9,4.112,1.568,1.9788,98.94
B0042,58,26.87,74.85,12.62,77.44,4.116,1.423,1.978,98.9
B0042,59,25.56,72.9,16.19,74.85,4.08,1.461,1.9784,98.92
B0042,60,25.23,68.93,19.95,74.65,4.06,1.516,1.9777,98.89
B0042,61,22.26,67.68,24.6,76.25,4.116,1.335,1.9781,98.9
B0042,62,25.53,46.99,19.41,71.81,4.136,1.514,1.9764,98.82
B0042,63,24.73,81.72,11.02,72.23,4.132,1.517,1.9772,98.86
B0042,64,26.57,72.41,22.87,76.42,4.094,1.47,1.9758,98.79
B0042,65,25.75,72.19,20.55,74.2,4.115,1.485,1.976,98.8
B0042,66,26.54,61.26,12.63,76.15,4.078,1.565,1.9754,98.77
B0042,67,26.08,84.79,22.02,78.27,4.058,1.512,1.9757,98.79
B0042,68,24.97,87.14,27.2,76.8,4.094,1.543,1.9746,98.73
B0042,69,25.96,61.8,16.41,79.13,4.095,1.461,1.9738,98.69
B0042,70,26.73,66.9,24.45,77.12,4.104,1.463,1.9718,98.59
B0042,71,25.85,70.24,19.03,77.41,4.099,1.403,1.9718,98.59
B0042,72,26.53,79.14,17.36,77.88,4.086,1.536,1.9738,98.69
B0042,73,28.46,66.96,15.72,78.57,4.095,1.473,1.9724,98.62
B0042,74,27.01,73.72,20.22,77.79,4.037,1.512,1.9721,98.6
B0042,75,26.14,71.51,22.52,78.63,4.085,1.43,1.9714,98.57
B0042,76,25.44,70.4,16.32,78.07,4.088,1.506,1.9708,98.54
B0042,77,27.06,77.21,23.47,81.0,4.111,1.476,1.9717,98.58
B0042,78,26.48,62.87,10.26,78.71,4.075,1.452,1.9705,98.52
B0042,79,25.35,69.91,16.15,80.81,4.127,1.556,1.9699,98.5
B0042,80,26.55,65.04,21.47,79.29,4.096,1.43,1.9692,98.46
B0042,81,25.99,74.45,18.56,80.06,4.063,1.559,1.9694,98.47
B0042,82,25.09,72.55,22.07,80.59,4.06,1.57,1.9695,98.48
B0042,83,24.98,64.77,13.88,83.1,4.086,1.507,1.9694,98.47
B0042,84,25.59,77.26,15.88,79.77,4.065,1.538,1.9676,98.38
B0042,85,27.44,74.78,14.75,81.51,4.059,1.569,1.9678,98.39
B0042,86,23.55,63.77,17.45,79.28,4.09,1.502,1.9693,98.46
B0042,87,28.35,82.36,22.17,81.91,4.021,1.43,1.9666,98.33
B0042,88,26.62,74.93,21.45,83.41,4.102,1.547,1.9669,98.35
B0042,89,27.71,65.53,25.38,83.09,4.08,1.494,1.9657,98.28
B0042,90,25.52,69.34,24.93,83.85,4.086,1.485,1.9661,98.31
B0042,91,28.25,67.16,27.55,82.82,4.054,1.496,1.9647,98.23
B0042,92,26.37,59.93,18.91,83.88,4.096,1.439,1.9654,98.27
B0042,93,28.7,68.97,15.12,82.69,4.069,1.48,1.9637,98.19
B0042,94,25.7,75.79,18.57,84.29,4.045,1.442,1.9652,98.26
B0042,95,28.14,60.43,8.42,83.39,4.065,1.484,1.9632,98.16
B0042,96,27.01,63.98,27.38,84.65,4.08,1.462,1.9642,98.21
B0042,97,25.54,78.14,15.05,85.58,4.067,1.41,1.9636,98.18
B0042,98,28.89,65.76,17.99,85.53,4.105,1.417,1.962,98.1
B0042,99,27.82,75.94,19.31,86.25,4.037,1.587,1.9616,98.08
B0042,100,24.99,60.92,18.69,84.64,4.065,1.572,1.9612,98.06
B0042,101,26.53,60.57,17.91,85.45,4.103,1.537,1.961,98.05
B0042,102,26.14,70.41,15.73,92.23,4.077,1.543,1.9617,98.08
B0042,103,26.2,82.56,25.5,88.66,4.03,1.445,1.9593,97.97
B0042,104,25.77,62.45,21.62,89.14,4.097,1.5,1.9607,98.03
B0042,105,29.35,81.91,17.75,85.95,4.049,1.51,1.9603,98.01
B0042,106,27.14,70.5,22.62,87.11,4.051,1.51,1.9603,98.01
B0042,107,28.22,60.2,18.59,86.04,4.078,1.464,1.9591,97.95
B0042,108,26.43,64.32,25.46,87.7,4.098,1.496,1.9594,97.97
B0042,109,28.46,83.37,25.14,88.29,4.031,1.461,1.9582,97.91
B0042,110,26.43,87.92,15.94,85.95,4.07,1.507,1.9586,97.93
B0042,111,28.49,75.37,13.1,89.82,4.051,1.559,1.9581,97.9
B0042,112,27.04,62.26,18.48,87.18,4.061,1.526,1.9577,97.88
B0042,113,25.34,69.86,17.07,88.44,4.044,1.569,1.9578,97.89
B0042,114,28.7,79.45,17.53,88.66,4.051,1.47,1.9568,97.84
B0042,115,25.9,69.67,17.98,89.8,4.075,1.437,1.9562,97.81
B0042,116,27.82,64.18,13.9,90.65,4.044,1.578,1.9559,97.79
B0042,117,28.02,66.85,25.8,87.94,4.091,1.513,1.955,97.75
B0042,118,27.42,63.16,25.9,90.51,4.04,1.542,1.955,97.75
B0042,119,28.52,64.65,12.92,87.49,4.056,1.478,1.9541,97.71
B0042,120,28.92,66.86,25.54,91.54,4.09,1.447,1.9545,97.73
B0042,121,27.84,91.99,20.33,91.51,4.049,1.415,1.9537,97.68
B0042,122,28.87,53.98,17.92,90.1,4.035,1.544,1.9526,97.63
B0042,123,26.52,60.22,21.37,88.91,4.062,1.523,1.9535,97.68
B0042,124,27.14,67.67,22.35,90.66,4.06,1.528,1.9525,97.62
B0042,125,28.66,70.31,15.44,91.82,4.082,1.476,1.9525,97.62
B0042,126,28.6,67.38,20.55,92.78,4.019,1.471,1.951,97.55
B0042,127,29.17,71.14,14.26,92.86,4.064,1.501,1.9516,97.58
B0042,128,30.67,76.59,18.78,90.62,4.052,1.476,1.951,97.55
B0042,129,29.73,81.73,23.17,91.27,4.069,1.472,1.9512,97.56
B0042,130,29.1,73.8,20.26,92.4,4.046,1.552,1.9507,97.54
B0042,131,26.72,67.9,20.22,91.45,4.017,1.534,1.95,97.5
B0042,132,25.99,80.28,19.22,92.24,4.049,1.473,1.951,97.55
B0042,133,27.87,75.92,18.99,92.82,4.069,1.584,1.9499,97.5
B0042,134,25.45,78.73,21.25,92.73,4.005,1.529,1.9491,97.45
B0042,135,26.78,58.89,13.41,94.02,4.054,1.533,1.9486,97.43
B0042,136,27.43,69.44,17.44,92.6,4.047,1.554,1.9484,97.42
B0042,137,26.99,80.25,20.57,91.75,4.004,1.507,1.9481,97.4
B0042,138,28.94,64.63,28.35,93.22,4.038,1.624,1.9472,97.36
B0042,139,26.54,74.23,18.39,96.71,4.026,1.556,1.9472,97.36
B0042,140,30.72,70.53,23.92,95.13,4.031,1.54,1.9463,97.31
B0042,141,29.53,69.12,27.67,96.67,4.023,1.469,1.9453,97.26
B0042,142,27.14,77.59,13.94,93.97,4.052,1.501,1.9457,97.28
B0042,143,29.75,79.13,27.18,96.1,4.009,1.447,1.9447,97.23
B0042,144,25.67,61.33,20.34,95.73,4.042,1.485,1.9459,97.3
B0042,145,26.86,69.57,15.51,98.29,4.024,1.589,1.9452,97.26
B0042,146,29.95,65.37,14.44,98.34,4.019,1.545,1.9439,97.2
B0042,147,29.72,63.81,16.62,97.11,4.016,1.482,1.9432,97.16
B0042,148,28.21,57.48,23.83,92.87,4.033,1.463,1.9439,97.19
B0042,149,30.35,65.32,14.51,96.35,4.014,1.525,1.943,97.15
B0042,150,27.11,58.34,28.63,97.17,4.028,1.525,1.943,97.15
B0042,151,29.55,63.95,21.83,97.53,4.03,1.5,1.9426,97.13
B0042,152,29.3,73.9,12.46,97.47,4.063,1.457,1.9427,97.13
B0042,153,28.2,65.71,17.23,100.42,4.032,1.46,1.9418,97.09
B0042,154,31.78,70.63,17.11,97.99,4.058,1.456,1.9398,96.99
B0042,155,30.22,71.61,26.46,97.22,4.051,1.43,1.9398,96.99
B0042,156,27.28,63.57,22.52,98.79,4.026,1.53,1.941,97.05
B0042,157,29.37,78.75,29.1,98.55,4.035,1.443,1.9401,97.01
B0042,158,27.78,78.0,19.38,97.27,4.025,1.557,1.9407,97.03
B0042,159,29.98,70.89,30.04,99.61,3.97,1.478,1.9395,96.97
B0042,160,29.68,82.51,15.85,101.68,4.019,1.386,1.9387,96.93
B0042,161,28.98,76.09,15.26,98.6,3.969,1.551,1.9386,96.93
B0042,162,28.71,82.78,24.29,100.42,4.03,1.548,1.9387,96.93
B0042,163,29.13,78.84,18.52,100.69,4.022,1.44,1.9384,96.92
B0042,164,27.17,73.58,17.97,100.5,4.048,1.563,1.938,96.9
B0042,165,27.32,65.74,24.25,101.26,3.993,1.466,1.9372,96.86
B0042,166,28.22,72.22,28.52,100.0,4.015,1.552,1.9373,96.86
B0042,167,27.13,81.63,19.14,99.36,4.031,1.491,1.9373,96.86
B0042,168,29.1,62.79,18.4,101.89,4.001,1.423,1.9365,96.82
B0042,169,32.2,59.09,20.91,99.31,4.018,1.509,1.9359,96.8
B0042,170,30.47,73.2,19.25,104.79,4.029,1.438,1.9357,96.79
B0042,171,29.03,71.15,18.27,104.13,4.007,1.486,1.9343,96.71
B0042,172,30.81,77.46,20.36,103.57,4.024,1.362,1.9348,96.74
B0042,173,29.35,66.67,18.9,103.08,4.038,1.478,1.9345,96.72
B0042,174,30.23,63.55,23.79,104.12,4.009,1.532,1.9335,96.68
B0042,175,26.03,58.64,22.09,102.91,4.009,1.459,1.935,96.75
B0042,176,28.31,72.17,25.05,103.16,3.994,1.379,1.9337,96.69
B0042,177,29.34,77.48,25.08,102.41,4.01,1.541,1.9331,96.66
B0042,178,29.38,72.31,25.71,104.21,4.039,1.49,1.9328,96.64
B0042,179,27.71,64.65,15.31,103.48,4.012,1.463,1.932,96.6
B0042,180,26.71,72.45,20.74,104.04,3.99,1.52,1.9319,96.59
B0042,181,31.11,70.09,22.12,103.03,4.026,1.545,1.931,96.55
B0042,182,30.17,68.54,22.99,108.04,4.021,1.503,1.9303,96.52
B0042,183,27.78,71.25,21.28,107.89,3.999,1.605,1.93,96.5
B0042,184,27.27,73.35,16.01,105.69,3.973,1.492,1.9311,96.56
B0042,185,29.45,78.95,12.46,106.52,4.022,1.478,1.9291,96.46
B0042,186,27.84,60.26,13.54,108.8,3.987,1.531,1.9292,96.46
B0042,187,27.64,71.44,23.34,106.46,4.014,1.353,1.9297,96.48
B0042,188,31.1,72.83,23.58,104.51,4.012,1.496,1.9283,96.42
B0042,189,29.56,78.7,23.81,107.62,3.984,1.491,1.9273,96.37
B0042,190,30.05,78.13,12.66,110.01,3.99,1.547,1.9275,96.38
B0042,191,30.18,77.65,15.95,107.87,3.966,1.487,1.9273,96.37
B0042,192,29.92,84.28,22.01,109.87,3.975,1.492,1.9265,96.33
B0042,193,32.56,69.37,25.58,106.22,4.003,1.507,1.9253,96.26
B0042,194,30.07,63.97,14.42,108.41,4.018,1.591,1.9265,96.33
B0042,195,31.38,76.88,14.98,109.16,3.981,1.529,1.9256,96.28
B0042,196,30.6,74.29,25.13,110.47,3.978,1.453,1.9256,96.28
B0042,197,30.4,79.73,22.44,109.83,3.994,1.444,1.9247,96.24
B0042,198,28.31,69.37,20.4,110.59,3.986,1.528,1.9249,96.24
B0042,199,29.65,84.59,20.4,110.47,3.986,1.455,1.923,96.15
B0042,200,28.12,62.07,15.6,109.3,3.994,1.564,1.9239,96.2
B0042,201,29.78,86.63,14.12,109.52,4.009,1.388,1.9236,96.18
B0042,202,28.18,69.14,27.76,108.54,3.967,1.584,1.9234,96.17
B0042,203,29.2,62.46,27.39,112.77,3.967,1.424,1.9226,96.13
B0042,204,30.14,72.68,21.82,108.57,4.007,1.445,1.9214,96.07
B0042,205,31.03,66.2,15.93,109.15,3.989,1.461,1.9223,96.11
B0042,206,30.98,75.12,28.44,112.39,4.013,1.469,1.9214,96.07
B0042,207,28.28,71.6,12.89,114.1,4.026,1.503,1.9202,96.01
B0042,208,30.76,66.32,24.41,108.26,3.972,1.427,1.921,96.05
B0042,209,31.9,84.53,12.99,113.82,3.95,1.48,1.9198,95.99
B0042,210,29.46,75.98,13.86,111.57,3.993,1.489,1.9201,96.0
B0042,211,29.54,68.29,30.18,111.25,3.995,1.493,1.9201,96.0
B0042,212,28.52,87.85,18.24,113.28,4.015,1.416,1.92,96.0
B0042,213,30.58,86.7,20.64,112.38,3.985,1.567,1.9194,95.97
B0042,214,29.87,76.61,12.82,112.8,4.009,1.503,1.9194,95.97
B0042,215,30.65,72.22,25.55,114.86,3.961,1.599,1.9184,95.92
B0042,216,29.38,62.94,22.75,114.59,3.982,1.445,1.9178,95.89
B0042,217,32.3,77.15,26.79,114.99,3.98,1.556,1.9172,95.86
B0042,218,31.79,71.54,12.41,115.53,3.963,1.52,1.9158,95.79
B0042,219,28.61,78.44,12.64,115.19,3.996,1.505,1.917,95.85
B0042,220,31.22,69.77,19.84,114.84,3.941,1.462,1.916,95.8
B0042,221,30.78,68.01,19.22,114.05,3.966,1.485,1.916,95.8
B0042,222,30.52,73.15,19.1,113.45,4.027,1.444,1.9161,95.81
B0042,223,29.92,74.14,21.8,115.18,3.978,1.503,1.9152,95.76
B0042,224,30.2,71.96,25.28,116.07,3.993,1.548,1.9149,95.74
B0042,225,32.51,55.95,24.53,115.08,3.977,1.553,1.9136,95.68
B0042,226,29.64,73.54,24.36,116.32,3.977,1.46,1.9148,95.74
B0042,227,29.61,68.92,24.01,115.57,3.984,1.458,1.9135,95.67
B0042,228,28.76,67.06,25.61,117.09,3.961,1.481,1.9134,95.67
B0042,229,30.86,61.45,18.26,115.32,3.953,1.521,1.9129,95.64
B0042,230,30.77,67.53,15.44,116.4,3.974,1.476,1.9118,95.59
B0042,231,30.83,73.66,13.15,119.63,4.0,1.493,1.9121,95.61
B0042,232,30.87,87.69,25.67,117.17,3.986,1.449,1.9118,95.59
B0042,233,32.15,72.67,22.59,117.42,3.995,1.488,1.9112,95.56
B0042,234,30.38,69.36,20.97,117.7,3.953,1.542,1.9116,95.58
B0042,235,29.84,55.95,10.16,120.82,3.962,1.525,1.9115,95.58
B0042,236,31.58,70.45,19.63,119.4,3.991,1.531,1.9093,95.46
B0042,237,30.22,66.02,16.36,118.79,3.947,1.516,1.9093,95.46
B0042,238,30.88,72.36,29.45,119.68,3.933,1.475,1.909,95.45
B0042,239,31.88,60.63,30.7,119.95,3.947,1.525,1.9088,95.44
B0042,240,29.67,87.32,26.59,118.04,3.966,1.56,1.9084,95.42
B0042,241,31.8,61.98,16.75,119.43,3.991,1.404,1.9085,95.43
B0042,242,31.9,59.66,15.19,119.71,3.99,1.513,1.9088,95.44
B0042,243,29.71,78.14,26.16,123.89,3.971,1.534,1.9078,95.39
B0042,244,30.21,75.02,21.08,120.12,3.96,1.459,1.9067,95.34
B0042,245,28.63,77.99,12.49,121.82,3.962,1.486,1.9073,95.36
B0042,246,31.56,73.77,23.67,122.04,3.956,1.455,1.9053,95.27
B0042,247,31.79,75.34,19.04,121.46,3.968,1.546,1.9055,95.28
B0042,248,32.37,70.94,14.8,123.0,4.002,1.483,1.9057,95.28
B0042,249,31.87,65.55,15.13,119.23,3.983,1.388,1.9053,95.27
B0042,250,31.04,60.57,15.58,122.94,3.933,1.471,1.9045,95.22
B0042,251,30.47,69.65,20.86,120.06,3.954,1.484,1.9036,95.18
B0042,252,32.55,72.84,22.95,121.73,3.976,1.54,1.9039,95.2
B0042,253,32.54,80.11,22.09,124.0,3.945,1.5,1.9028,95.14
B0042,254,31.45,65.84,28.16,123.78,3.957,1.649,1.9031,95.15
B0042,255,30.15,63.24,13.1,124.21,3.939,1.473,1.9033,95.16
B0042,256,31.71,65.98,21.55,125.19,3.964,1.554,1.9019,95.09
B0042,257,31.91,68.73,16.14,123.58,3.963,1.517,1.9021,95.11
B0042,258,32.43,60.72,27.16,122.96,3.939,1.624,1.9019,95.09
B0042,259,31.16,67.4,19.04,123.67,3.95,1.554,1.9017,95.08
B0042,260,32.03,61.11,18.28,125.18,3.971,1.493,1.9013,95.07
B0042,261,31.58,84.22,24.38,128.33,3.951,1.401,1.9003,95.02
B0042,262,32.72,57.26,22.26,124.89,3.937,1.461,1.9006,95.03
B0042,263,31.33,78.26,16.43,124.43,3.94,1.516,1.8997,94.99
B0042,264,30.58,59.51,22.46,126.02,3.933,1.508,1.8993,94.96
B0042,265,31.87,71.94,7.36,125.06,3.945,1.509,1.8996,94.98
B0042,266,32.6,72.06,13.5,128.59,3.913,1.517,1.898,94.9
B0042,267,31.15,71.11,25.27,128.09,3.944,1.483,1.8972,94.86
B0042,268,32.11,80.88,19.78,124.67,3.952,1.512,1.8982,94.91
B0042,269,31.15,78.21,17.89,127.31,3.931,1.512,1.898,94.9
B0042,270,33.34,60.86,22.44,127.89,3.955,1.502,1.8968,94.84
B0042,271,32.56,75.73,17.48,127.52,3.934,1.484,1.8965,94.82
B0042,272,32.58,70.65,21.97,125.73,3.939,1.503,1.8963,94.82
B0042,273,32.34,65.25,14.02,127.98,3.939,1.486,1.8959,94.79
B0042,274,32.07,66.41,15.16,127.74,3.939,1.521,1.8955,94.77
B0042,275,31.4,60.37,32.13,129.77,3.972,1.539,1.8958,94.79
B0042,276,31.78,69.46,15.84,130.02,3.922,1.448,1.8944,94.72
B0042,277,30.58,77.89,20.6,128.14,3.904,1.548,1.8946,94.73
B0042,278,32.25,77.26,18.07,130.68,3.945,1.54,1.8944,94.72
B0042,279,31.87,74.92,25.55,129.11,3.958,1.467,1.8938,94.69
B0042,280,33.01,69.53,10.79,126.05,3.894,1.526,1.8927,94.64
B0042,281,32.92,64.9,20.74,131.32,3.933,1.498,1.8945,94.73
B0042,282,32.34,73.95,19.86,133.86,3.949,1.436,1.8934,94.67
B0042,283,31.93,68.11,25.39,130.07,3.893,1.486,1.8931,94.65
B0042,284,31.81,70.64,16.98,132.02,3.935,1.528,1.8924,94.62
B0042,285,32.19,65.43,19.41,128.14,3.937,1.515,1.8912,94.56
B0042,286,32.51,68.81,7.17,134.28,3.923,1.485,1.8916,94.58
B0042,287,32.49,72.84,23.29,132.53,3.957,1.55,1.8905,94.53
B0042,288,35.3,64.75,28.38,132.68,3.938,1.474,1.8901,94.5
B0042,289,32.63,77.28,16.45,130.38,3.964,1.55,1.889,94.45
B0042,290,32.45,66.78,17.46,132.54,3.948,1.598,1.8898,94.49
B0042,291,32.83,63.23,17.27,131.34,3.9,1.605,1.8892,94.46
B0042,292,32.98,63.33,24.08,131.44,3.906,1.583,1.8895,94.47
B0042,293,32.34,50.47,26.05,130.58,3.917,1.526,1.8888,94.44
B0042,294,33.16,84.39,15.74,132.58,3.89,1.544,1.8882,94.41
B0042,295,33.26,72.27,22.13,132.35,3.921,1.558,1.888,94.4
B0042,296,34.67,76.36,20.15,134.19,3.897,1.501,1.8869,94.34
B0042,297,31.16,69.01,28.18,133.01,3.917,1.458,1.8868,94.34
B0042,298,32.72,78.33,23.27,136.52,3.919,1.534,1.8854,94.27
B0042,299,32.58,60.98,26.53,134.58,3.921,1.562,1.8855,94.27
B0042,300,33.87,58.3,21.22,136.82,3.934,1.566,1.8857,94.28
B0042,301,31.54,63.73,25.57,133.08,3.927,1.473,1.8858,94.29
B0042,302,35.06,72.37,20.8,138.03,3.918,1.48,1.885,94.25
B0042,303,31.99,69.41,15.11,133.22,3.912,1.531,1.884,94.2
B0042,304,33.39,64.26,23.3,136.06,3.925,1.523,1.8848,94.24
B0042,305,32.2,79.58,20.43,138.7,3.931,1.556,1.8836,94.18
B0042,306,33.27,76.35,21.07,137.07,3.915,1.529,1.8838,94.19
B0042,307,32.91,63.91,23.28,139.03,3.903,1.512,1.8837,94.19
B0042,308,33.77,74.73,12.96,137.66,3.896,1.463,1.8819,94.1
B0042,309,32.73,59.61,28.61,138.13,3.903,1.49,1.8816,94.08
B0042,310,34.07,84.06,17.15,139.94,3.869,1.45,1.8822,94.11
B0042,311,32.89,57.52,25.56,137.08,3.933,1.572,1.8809,94.05
B0042,312,33.08,66.39,31.3,138.55,3.933,1.515,1.8809,94.05
B0042,313,32.64,70.64,25.19,137.88,3.933,1.474,1.8819,94.09
B0042,314,35.13,81.32,19.67,138.22,3.958,1.594,1.8804,94.02
B0042,315,33.46,65.13,20.59,137.04,3.907,1.566,1.8799,94.0
B0042,316,31.18,76.61,26.87,141.62,3.887,1.522,1.8805,94.03
B0042,317,33.0,67.54,16.91,140.71,3.899,1.432,1.8787,93.94
B0042,318,33.88,73.38,18.92,137.4,3.859,1.463,1.8777,93.89
B0042,319,34.28,61.55,15.1,140.63,3.907,1.539,1.8781,93.9
B0042,320,32.95,66.97,24.05,136.88,3.894,1.547,1.8788,93.94
B0042,321,33.79,76.86,9.92,141.37,3.871,1.543,1.8778,93.89
B0042,322,33.38,94.57,9.11,140.12,3.867,1.474,1.8766,93.83
B0042,323,33.88,78.3,28.61,139.51,3.922,1.52,1.8763,93.81
B0042,324,32.79,68.3,16.45,140.04,3.877,1.524,1.8769,93.84
B0042,325,34.36,68.5,26.84,140.94,3.91,1.493,1.8763,93.82
B0042,326,33.74,49.84,20.08,139.75,3.871,1.448,1.8768,93.84
B0042,327,33.01,66.11,23.32,139.04,3.899,1.516,1.8757,93.78
B0042,328,33.3,69.51,20.95,139.79,3.891,1.575,1.8751,93.75
B0042,329,35.43,76.81,22.68,145.36,3.888,1.452,1.8738,93.69
B0042,330,33.43,94.77,12.15,140.54,3.897,1.44,1.8743,93.72
B0042,331,33.66,54.4,23.09,142.36,3.889,1.492,1.8736,93.68
B0042,332,34.03,69.69,23.84,141.98,3.886,1.545,1.8729,93.65
B0042,333,32.14,54.23,21.13,142.31,3.88,1.462,1.8734,93.67
B0042,334,32.84,75.55,14.1,142.26,3.862,1.544,1.8732,93.66
B0042,335,33.28,71.51,12.46,144.99,3.939,1.401,1.873,93.65
B0042,336,33.69,73.3,16.92,142.9,3.892,1.474,1.8715,93.58
B0042,337,35.43,64.59,18.24,142.92,3.89,1.409,1.871,93.55
B0042,338,32.69,73.06,15.05,145.34,3.874,1.541,1.8719,93.6
B0042,339,34.28,73.49,26.2,147.24,3.901,1.474,1.8706,93.53
B0042,340,35.61,72.11,18.03,146.88,3.892,1.591,1.8698,93.49
B0042,341,35.39,74.19,14.87,145.55,3.898,1.532,1.8698,93.49
B0042,342,34.32,70.96,23.6,148.17,3.84,1.573,1.8701,93.51
B0042,343,34.09,78.02,21.82,146.78,3.898,1.484,1.8689,93.45
B0042,344,35.42,61.32,19.97,147.71,3.89,1.48,1.8682,93.41
B0042,345,35.28,64.65,28.76,144.13,3.859,1.502,1.8683,93.41
B0042,346,34.4,85.76,14.81,145.06,3.872,1.584,1.8684,93.42
B0042,347,32.9,74.7,21.96,147.66,3.856,1.583,1.8683,93.41
B0042,348,36.61,70.38,32.12,147.79,3.907,1.477,1.8671,93.36
B0042,349,32.67,57.11,30.3,147.09,3.856,1.547,1.8676,93.38
B0042,350,33.42,66.07,21.5,147.34,3.906,1.521,1.8674,93.37
B0042,351,34.54,71.72,18.05,146.78,3.882,1.506,1.8653,93.27
B0042,352,35.63,78.83,19.84,148.68,3.83,1.421,1.8657,93.28
B0042,353,33.72,65.51,14.0,148.44,3.871,1.437,1.8653,93.26
B0042,354,34.42,48.99,19.19,149.03,3.843,1.511,1.8651,93.26
B0042,355,33.26,63.5,23.59,149.06,3.857,1.509,1.864,93.2
B0042,356,35.66,74.97,33.72,149.54,3.903,1.574,1.8645,93.23
B0042,357,32.23,69.97,27.42,150.56,3.864,1.45,1.863,93.15
B0042,358,37.26,75.83,15.76,150.18,3.882,1.455,1.8631,93.15
B0042,359,33.89,56.78,25.2,150.6,3.898,1.511,1.8635,93.18
B0042,360,34.52,71.55,20.32,150.69,3.858,1.552,1.8622,93.11
B0043,1,23.62,59.29,27.66,60.76,4.159,1.472,1.9986,99.93
B0043,2,23.31,66.99,12.63,61.3,4.119,1.581,1.9999,99.99
B0043,3,23.63,80.67,20.62,60.0,4.158,1.519,1.9988,99.94
B0043,4,22.91,83.51,16.97,61.46,4.118,1.491,1.9989,99.94
B0043,5,22.85,67.4,26.54,62.86,4.148,1.472,1.9991,99.95
B0043,6,21.18,53.36,16.02,61.42,4.159,1.469,1.9977,99.88
B0043,7,23.17,64.26,15.17,60.73,4.105,1.491,1.9976,99.88
B0043,8,22.48,80.15,24.68,63.09,4.14,1.439,1.9968,99.84
B0043,9,22.56,74.77,27.29,64.12,4.111,1.484,1.9965,99.82
B0043,10,22.92,79.29,19.27,63.52,4.109,1.58,1.9963,99.82
B0043,11,21.38,54.65,20.05,63.66,4.146,1.502,1.9955,99.77
B0043,12,22.29,57.64,8.7,64.95,4.136,1.531,1.9957,99.78
B0043,13,24.4,72.63,19.39,66.27,4.138,1.453,1.9953,99.76
B0043,14,21.12,80.02,14.81,60.0,4.161,1.524,1.9941,99.71
B0043,15,22.7,68.6,29.45,62.37,4.096,1.509,1.9947,99.73
B0043,16,22.59,57.84,19.72,63.96,4.143,1.575,1.9947,99.74
B0043,17,23.71,64.23,21.84,62.25,4.137,1.593,1.9937,99.68
B0043,18,22.69,57.25,20.15,65.71,4.136,1.491,1.9943,99.72
B0043,19,22.28,68.3,20.04,62.62,4.151,1.481,1.9935,99.68
B0043,20,22.91,72.28,21.61,62.4,4.116,1.52,1.9935,99.68
B0043,21,21.87,67.16,30.64,63.99,4.163,1.498,1.9938,99.69
B0043,22,21.92,79.35,20.28,65.73,4.11,1.449,1.9925,99.62
B0043,23,22.66,61.91,20.05,67.02,4.144,1.48,1.9915,99.57
B0043,24,23.43,73.94,21.64,64.44,4.134,1.415,1.9913,99.56
B0043,25,22.54,49.57,13.32,67.82,4.133,1.472,1.9915,99.58
B0043,26,23.76,77.1,19.2,66.14,4.119,1.438,1.9909,99.54
B0043,27,23.36,72.24,22.23,67.84,4.115,1.51,1.9899,99.5
B0043,28,22.47,65.32,26.69,68.22,4.105,1.462,1.9907,99.54
B0043,29,23.29,58.08,15.92,66.88,4.103,1.58,1.9896,99.48
B0043,30,25.17,53.82,22.72,68.36,4.103,1.488,1.9881,99.41
B0043,31,22.14,66.64,13.95,65.47,4.115,1.438,1.9887,99.44
B0043,32,23.32,64.56,21.45,70.4,4.063,1.458,1.9878,99.39
B0043,33,22.74,73.68,11.75,68.4,4.117,1.519,1.9882,99.41
B0043,34,23.66,72.71,20.97,69.49,4.069,1.577,1.9873,99.36
B0043,35,20.51,61.37,18.87,64.23,4.118,1.54,1.9872,99.36
B0043,36,24.38,64.42,18.5,68.35,4.093,1.456,1.9872,99.36
B0043,37,23.74,71.05,22.46,70.3,4.129,1.413,1.9862,99.31
B0043,38,22.22,68.15,19.89,70.82,4.15,1.509,1.9864,99.32
B0043,39,23.38,76.8,10.67,71.22,4.096,1.439,1.9854,99.27
B0043,40,23.09,69.51,15.46,69.36,4.088,1.495,1.984,99.2
B0043,41,24.43,70.14,22.43,72.45,4.118,1.552,1.9851,99.25
B0043,42,23.81,76.6,15.63,72.51,4.138,1.443,1.9843,99.22
B0043,43,23.7,66.55,16.51,72.48,4.115,1.484,1.9836,99.18
B0043,44,24.05,67.12,22.06,67.95,4.126,1.423,1.9826,99.13
B0043,45,24.93,64.9,13.91,71.81,4.086,1.437,1.9829,99.15
B0043,46,23.26,60.37,14.69,70.05,4.115,1.575,1.9828,99.14
B0043,47,23.34,71.04,30.09,73.47,4.124,1.543,1.9833,99.16
B0043,48,25.1,72.24,17.09,73.77,4.124,1.502,1.9811,99.05
B0043,49,22.72,71.53,24.71,71.64,4.11,1.435,1.9812,99.06
B0043,50,24.79,63.73,23.93,74.01,4.107,1.461,1.9818,99.09
B0043,51,24.47,65.28,23.75,70.18,4.085,1.478,1.9808,99.04
B0043,52,25.31,77.21,28.12,72.26,4.098,1.479,1.9797,98.98
B0043,53,22.89,55.27,19.93,73.12,4.143,1.475,1.9811,99.05
B0043,54,23.96,77.25,21.4,72.96,4.095,1.452,1.9796,98.98
B0043,55,24.77,56.07,24.86,75.14,4.09,1.438,1.98,99.0
B0043,56,24.48,77.43,17.81,70.62,4.075,1.565,1.9784,98.92
B0043,57,23.55,55.1,16.51,73.93,4.09,1.509,1.9795,98.98
B0043,58,23.77,80.88,22.12,76.26,4.087,1.437,1.9781,98.91
B0043,59,25.33,71.09,20.7,73.83,4.114,1.549,1.9778,98.89
B0043,60,24.85,76.34,22.85,74.75,4.119,1.481,1.9774,98.87
B0043,61,24.38,63.57,16.7,74.04,4.111,1.433,1.9772,98.86
B0043,62,24.09,71.06,10.95,75.86,4.102,1.49,1.9771,98.85
B0043,63,24.81,69.13,20.07,77.16,4.078,1.476,1.9761,98.8
B0043,64,23.23,67.34,27.13,74.32,4.082,1.519,1.9758,98.79
B0043,65,22.97,64.2,26.72,77.63,4.115,1.463,1.9763,98.82
B0043,66,23.02,67.79,14.56,76.19,4.098,1.57,1.9753,98.76
B0043,67,25.1,73.91,10.17,79.36,4.027,1.534,1.9745,98.72
B0043,68,23.96,63.2,24.01,78.25,4.08,1.453,1.9734,98.67
B0043,69,24.35,76.99,18.06,81.49,4.106,1.558,1.9741,98.7
B0043,70,22.46,64.34,20.37,79.87,4.113,1.473,1.9742,98.71
B0043,71,26.38,69.97,32.95,78.68,4.114,1.564,1.9726,98.63
B0043,72,24.88,68.87,22.57,78.22,4.064,1.411,1.9732,98.66
B0043,73,24.36,80.1,24.63,80.87,4.071,1.404,1.9726,98.63
B0043,74,21.71,60.55,24.08,79.15,4.117,1.445,1.9728,98.64
B0043,75,24.93,74.31,15.7,78.39,4.076,1.606,1.971,98.55
B0043,76,25.02,77.4,26.77,80.86,4.071,1.473,1.9717,98.58
B0043,77,24.09,65.02,24.11,78.54,4.096,1.486,1.9708,98.54
B0043,78,24.06,70.39,22.32,78.96,4.099,1.489,1.9706,98.53
B0043,79,23.69,58.26,24.92,80.06,4.101,1.476,1.9705,98.53
B0043,80,22.86,70.56,21.54,82.18,4.028,1.556,1.9704,98.52
B0043,81,25.49,73.65,3.32,78.8,4.071,1.491,1.9685,98.42
B0043,82,25.06,75.12,24.46,80.92,4.086,1.445,1.9688,98.44
B0043,83,23.7,77.16,24.19,80.0,4.097,1.442,1.9686,98.43
B0043,84,25.92,67.91,28.42,83.61,4.067,1.481,1.969,98.45
B0043,85,24.89,64.42,19.64,80.2,4.087,1.455,1.9681,98.4
B0043,86,23.77,59.02,17.48,80.27,4.062,1.51,1.9673,98.36
B0043,87,24.27,87.83,19.19,83.17,4.092,1.512,1.9673,98.37
B0043,88,24.56,86.19,19.5,81.03,4.04,1.541,1.967,98.35
B0043,89,21.96,69.95,18.98,79.55,4.058,1.493,1.966,98.3
B0043,90,24.57,65.6,19.6,82.97,4.026,1.499,1.9671,98.35
B0043,91,24.12,78.13,28.78,84.83,4.063,1.452,1.966,98.3
B0043,92,26.96,74.17,20.02,83.5,4.069,1.434,1.9644,98.22
B0043,93,24.58,74.99,19.39,83.87,4.052,1.434,1.9645,98.23
B0043,94,24.74,65.81,21.68,82.56,4.091,1.507,1.9649,98.25
B0043,95,24.12,70.14,26.89,84.64,4.053,1.551,1.9643,98.22
B0043,96,27.77,63.67,14.09,85.39,4.065,1.447,1.9631,98.15
B0043,97,24.89,74.78,17.96,86.04,4.07,1.499,1.963,98.15
B0043,98,26.04,63.15,15.23,83.8,4.051,1.592,1.9628,98.14
B0043,99,27.69,67.17,20.46,86.46,4.09,1.411,1.9623,98.12
B0043,100,25.68,59.55,28.79,83.82,4.061,1.486,1.9618,98.09
B0043,101,25.77,78.34,14.26,87.75,4.044,1.504,1.961,98.05
B0043,102,27.22,79.86,18.32,90.1,4.061,1.468,1.9605,98.02
B0043,103,25.41,71.97,17.38,83.94,4.051,1.538,1.9604,98.02
B0043,104,23.12,77.23,9.94,85.15,4.069,1.566,1.9622,98.11
B0043,105,25.33,68.03,22.9,86.44,4.037,1.504,1.9609,98.05
B0043,106,25.13,63.57,20.83,88.29,4.027,1.496,1.96,98.0
B0043,107,24.41,76.96,23.77,85.73,4.078,1.423,1.9594,97.97
B0043,108,23.27,59.79,19.83,82.54,4.09,1.507,1.9594,97.97
B0043,109,23.5,70.81,25.46,88.88,4.029,1.479,1.9594,97.97
B0043,110,24.3,83.74,23.2,86.93,4.044,1.493,1.9571,97.86
B0043,111,27.09,67.07,20.62,87.86,4.044,1.493,1.9578,97.89
B0043,112,25.25,69.94,24.72,86.83,4.049,1.459,1.9569,97.84
B0043,113,25.72,65.69,21.2,84.52,4.069,1.477,1.9569,97.84
B0043,114,26.08,62.83,25.98,89.39,4.069,1.463,1.9568,97.84
B0043,115,24.82,76.02,16.16,88.34,4.064,1.605,1.9559,97.8
B0043,116,24.74,70.55,25.27,88.55,4.043,1.488,1.9559,97.8
B0043,117,27.36,67.77,20.39,90.34,4.054,1.45,1.9557,97.79
B0043,118,24.49,54.01,15.84,91.53,4.063,1.528,1.9552,97.76
B0043,119,25.53,76.2,21.43,89.71,4.078,1.544,1.954,97.7
B0043,120,26.59,53.91,24.65,89.37,4.021,1.5,1.9546,97.73
B0043,121,25.78,59.58,12.63,91.6,4.052,1.558,1.9541,97.71
B0043,122,25.67,69.57,15.41,93.26,4.068,1.43,1.9546,97.73
B0043,123,25.99,69.2,18.63,91.36,4.064,1.52,1.9534,97.67
B0043,124,25.69,68.74,24.68,91.16,4.046,1.517,1.9529,97.64
B0043,125,25.3,76.57,14.62,92.17,4.023,1.421,1.9531,97.65
B0043,126,25.97,56.43,13.51,91.26,4.071,1.44,1.9519,97.6
B0043,127,25.81,73.2,14.15,92.58,4.012,1.498,1.9515,97.58
B0043,128,26.41,65.28,12.6,95.37,4.033,1.578,1.9513,97.57
B0043,129,25.08,71.72,23.86,91.85,4.058,1.595,1.9511,97.56
B0043,130,26.37,65.87,19.05,92.84,4.03,1.443,1.9496,97.48
B0043,131,23.85,72.91,23.27,92.71,4.018,1.507,1.9511,97.55
B0043,132,26.65,65.72,28.45,93.43,4.058,1.496,1.9504,97.52
B0043,133,25.87,58.57,26.79,94.08,4.053,1.469,1.9498,97.49
B0043,134,25.89,80.68,14.41,92.5,4.017,1.507,1.9482,97.41
B0043,135,28.81,54.71,19.29,93.89,4.046,1.464,1.9483,97.41
B0043,136,25.47,68.81,14.35,93.44,4.029,1.516,1.9487,97.44
B0043,137,24.03,68.17,31.59,96.13,4.036,1.47,1.9492,97.46
B0043,138,24.66,71.12,27.27,94.39,4.057,1.517,1.9481,97.41
B0043,139,24.39,70.79,27.56,90.64,4.048,1.49,1.9479,97.39
B0043,140,24.11,56.57,24.88,93.58,4.036,1.468,1.9483,97.41
B0043,141,26.46,68.38,14.0,95.92,4.034,1.496,1.9471,97.35
B0043,142,28.69,75.85,24.26,95.9,4.024,1.539,1.9459,97.29
B0043,143,26.27,71.78,20.8,100.19,4.015,1.466,1.9459,97.3
B0043,144,27.26,65.24,18.54,96.78,4.041,1.484,1.9455,97.27
B0043,145,27.32,55.13,16.47,94.54,3.998,1.485,1.945,97.25
B0043,146,27.32,80.26,17.26,97.52,4.054,1.482,1.9444,97.22
B0043,147,24.36,70.56,14.93,96.28,4.023,1.507,1.9451,97.25
B0043,148,27.39,67.06,21.98,98.45,4.024,1.496,1.9439,97.19
B0043,149,26.13,68.7,16.08,98.42,4.005,1.484,1.944,97.2
B0043,150,27.83,67.18,24.14,95.97,3.997,1.566,1.9432,97.16
B0043,151,25.28,75.98,15.0,101.12,3.99,1.446,1.9426,97.13
B0043,152,27.6,74.1,23.88,101.04,4.025,1.439,1.9423,97.11
B0043,153,26.4,60.37,27.95,99.02,4.015,1.469,1.9422,97.11
B0043,154,24.44,74.79,26.5,96.16,4.043,1.418,1.9426,97.13
B0043,155,28.22,62.76,14.48,97.25,4.011,1.518,1.9412,97.06
B0043,156,23.87,83.14,20.22,97.41,4.044,1.53,1.9423,97.12
B0043,157,28.48,64.54,21.48,100.37,4.044,1.464,1.9402,97.01
B0043,158,26.71,65.12,19.74,97.1,4.046,1.443,1.9398,96.99
B0043,159,26.51,79.95,21.64,98.01,4.002,1.547,1.94,97.0
B0043,160,26.2,66.04,24.82,100.38,4.02,1.5,1.9403,97.01
B0043,161,26.32,65.36,14.61,99.31,4.04,1.489,1.9389,96.95
B0043,162,25.7,68.1,17.95,100.0,4.013,1.571,1.9385,96.93
B0043,163,27.61,83.3,26.3,102.25,4.047,1.577,1.9387,96.93
B0043,164,28.22,77.74,18.49,100.52,3.984,1.567,1.938,96.9
B0043,165,26.72,80.33,13.84,100.59,3.991,1.581,1.9371,96.86
B0043,166,28.42,71.69,20.17,101.87,3.999,1.479,1.9367,96.84
B0043,167,29.47,91.38,27.81,101.35,3.999,1.463,1.936,96.8
B0043,168,26.49,87.21,29.03,100.62,4.033,1.488,1.9362,96.81
B0043,169,24.6,72.3,15.79,101.84,4.004,1.498,1.9371,96.85
B0043,170,27.11,54.99,27.6,101.08,4.007,1.495,1.9362,96.81
B0043,171,28.99,72.16,22.83,103.17,4.018,1.403,1.9349,96.75
B0043,172,26.97,79.3,39.71,103.64,3.999,1.602,1.9355,96.77
B0043,173,25.68,75.0,12.96,103.22,4.032,1.446,1.9349,96.75
B0043,174,28.13,70.15,21.36,101.68,4.028,1.472,1.9335,96.67
B0043,175,28.67,72.68,18.95,105.02,4.033,1.473,1.9339,96.7
B0043,176,26.03,75.55,12.76,102.39,4.001,1.433,1.9341,96.71
B0043,177,25.09,60.92,23.21,103.69,4.047,1.498,1.9342,96.71
B0043,178,27.86,62.43,30.82,104.19,4.033,1.491,1.9328,96.64
B0043,179,27.54,67.75,18.63,105.65,3.992,1.462,1.932,96.6
B0043,180,26.78,58.79,12.05,106.47,4.021,1.381,1.9317,96.59
B0043,181,27.25,61.18,20.72,106.18,4.003,1.405,1.9316,96.58
B0043,182,26.41,70.05,20.45,103.18,4.007,1.43,1.9319,96.6
B0043,183,25.6,66.44,17.56,104.66,4.004,1.464,1.9318,96.59
B0043,184,27.71,66.96,20.84,107.34,4.026,1.542,1.93,96.5
B0043,185,27.95,66.53,18.06,106.29,4.015,1.464,1.9302,96.51
B0043,186,27.65,64.58,21.05,105.43,3.988,1.525,1.9298,96.49
B0043,187,27.6,66.57,21.31,108.47,3.979,1.491,1.9295,96.47
B0043,188,26.06,67.23,11.6,108.22,4.013,1.501,1.9286,96.43
B0043,189,26.72,63.6,27.65,107.54,3.988,1.568,1.9278,96.39
B0043,190,26.98,71.83,26.76,108.76,4.007,1.498,1.9286,96.43
B0043,191,26.65,64.2,21.45,107.94,4.007,1.549,1.9285,96.42
B0043,192,26.19,80.53,28.48,106.49,3.991,1.498,1.9274,96.37
B0043,193,28.22,70.18,21.41,108.7,3.986,1.483,1.927,96.35
B0043,194,27.24,85.34,27.32,110.56,4.008,1.509,1.9263,96.32
B0043,195,26.15,67.9,18.32,106.52,4.006,1.516,1.9268,96.34
B0043,196,26.59,64.03,25.81,109.24,3.989,1.525,1.9267,96.33
B0043,197,26.99,70.72,20.84,109.43,3.999,1.61,1.9254,96.27
B0043,198,31.12,64.89,8.41,109.92,4.012,1.514,1.924,96.2
B0043,199,28.15,79.03,26.34,108.54,3.99,1.505,1.9252,96.26
B0043,200,27.84,73.47,24.98,110.99,3.972,1.493,1.9235,96.18
B0043,201,28.05,74.12,21.94,109.71,3.997,1.618,1.9227,96.14
B0043,202,27.47,71.16,15.28,109.38,4.011,1.507,1.9236,96.18
B0043,203,27.08,76.72,20.9,109.1,3.997,1.539,1.9229,96.15
B0043,204,27.72,59.93,19.79,112.78,3.977,1.436,1.9223,96.12
B0043,205,27.74,66.25,22.23,110.19,4.009,1.507,1.9223,96.11
B0043,206,28.81,56.2,7.88,110.79,3.998,1.383,1.9226,96.13
B0043,207,30.23,71.36,26.8,112.56,3.986,1.541,1.9217,96.08
B0043,208,28.07,73.79,25.51,112.41,3.946,1.535,1.9215,96.07
B0043,209,30.73,60.04,19.54,112.44,3.986,1.48,1.9198,95.99
B0043,210,27.9,69.31,20.21,112.42,4.014,1.479,1.9211,96.05
B0043,211,26.96,68.79,16.43,112.95,3.967,1.469,1.921,96.05
B0043,212,28.65,57.73,11.29,110.2,3.964,1.41,1.9192,95.96
B0043,213,27.92,73.42,20.56,115.01,3.96,1.44,1.9185,95.92
B0043,214,31.78,78.5,22.95,114.05,3.949,1.508,1.918,95.9
B0043,215,28.65,62.77,17.31,113.7,4.02,1.413,1.9177,95.88
B0043,216,27.96,57.62,13.95,114.5,3.983,1.466,1.9187,95.93
B0043,217,25.95,81.82,18.57,114.65,3.981,1.484,1.9188,95.94
B0043,218,28.83,60.76,23.8,113.63,3.99,1.56,1.9178,95.89
B0043,219,30.58,78.45,18.38,116.89,4.001,1.466,1.9174,95.87
B0043,220,29.82,67.34,27.51,118.06,3.988,1.59,1.9164,95.82
B0043,221,28.18,73.24,15.15,116.72,4.021,1.524,1.9156,95.78
B0043,222,29.64,66.23,22.71,115.76,3.977,1.482,1.9157,95.78
B0043,223,28.88,67.0,18.1,116.13,3.979,1.427,1.9149,95.74
B0043,224,29.34,74.24,18.01,112.74,3.991,1.536,1.9139,95.69
B0043,225,29.51,71.41,22.75,115.26,3.978,1.491,1.9144,95.72
B0043,226,27.58,75.74,17.18,115.68,3.955,1.551,1.9154,95.77
B0043,227,29.1,81.06,16.67,121.12,3.973,1.543,1.9135,95.68
B0043,228,29.78,58.62,22.93,116.75,3.952,1.535,1.9128,95.64
B0043,229,27.81,87.07,20.57,116.49,3.963,1.621,1.914,95.7
B0043,230,27.95,69.07,17.31,116.79,3.945,1.49,1.9128,95.64
B0043,231,28.68,65.26,17.31,117.39,3.944,1.477,1.9119,95.6
B0043,232,29.13,59.31,28.13,120.26,3.972,1.395,1.9116,95.58
B0043,233,30.94,63.09,16.09,120.45,3.984,1.545,1.911,95.55
B0043,234,28.76,67.38,21.73,119.92,3.98,1.53,1.9112,95.56
B0043,235,26.13,71.02,19.46,117.67,3.938,1.523,1.9112,95.56
B0043,236,28.76,74.6,16.65,120.62,3.967,1.489,1.91,95.5
B0043,237,30.24,73.14,21.19,121.54,3.935,1.447,1.9092,95.46
B0043,238,28.31,57.98,19.69,119.58,3.951,1.556,1.9094,95.47
B0043,239,29.45,72.74,25.77,122.92,3.949,1.6,1.9094,95.47
B0043,240,28.14,74.14,16.79,119.42,3.966,1.467,1.9083,95.42
B0043,241,30.46,64.75,28.42,118.29,3.98,1.47,1.9089,95.45
B0043,242,29.36,67.42,13.44,122.46,3.977,1.512,1.9084,95.42
B0043,243,30.73,61.52,18.37,120.69,3.953,1.44,1.9072,95.36
B0043,244,26.93,76.54,21.22,120.42,3.943,1.5,1.9075,95.37
B0043,245,30.48,68.15,24.01,121.06,3.955,1.561,1.9074,95.37
B0043,246,29.74,83.97,13.26,121.86,3.968,1.459,1.9066,95.33
B0043,247,31.54,70.1,14.56,121.4,4.011,1.552,1.9059,95.29
B0043,248,29.61,69.1,24.76,117.76,3.971,1.501,1.9054,95.27
B0043,249,28.01,77.04,31.23,123.95,3.988,1.458,1.906,95.3
B0043,250,27.38,75.25,18.76,122.39,3.967,1.493,1.9061,95.31
B0043,251,28.7,68.21,19.9,122.53,3.925,1.533,1.9059,95.3
B0043,252,27.8,78.1,17.95,123.48,3.933,1.514,1.9051,95.25
B0043,253,28.82,65.55,22.03,121.39,3.957,1.499,1.9047,95.24
B0043,254,29.93,72.62,20.29,123.75,3.909,1.413,1.9035,95.17
B0043,255,32.07,70.0,24.75,123.78,3.94,1.623,1.9029,95.15
B0043,256,30.09,65.72,11.74,123.93,3.963,1.543,1.9018,95.09
B0043,257,29.26,75.38,16.98,126.04,3.942,1.526,1.9031,95.15
B0043,258,30.34,75.1,12.22,124.1,3.93,1.521,1.9021,95.11
B0043,259,31.3,80.76,18.3,125.54,3.957,1.456,1.9013,95.07
B0043,260,32.09,77.41,24.76,125.98,3.923,1.493,1.9002,95.01
B0043,261,27.96,73.32,19.15,127.12,3.933,1.487,1.9013,95.06
B0043,262,30.0,55.28,18.67,124.63,3.961,1.522,1.9016,95.08
B0043,263,29.29,70.33,14.63,130.22,3.975,1.503,1.9004,95.02
B0043,264,30.22,62.16,15.99,125.36,3.961,1.578,1.8992,94.96
B0043,265,30.46,70.81,11.6,124.66,3.934,1.548,1.899,94.95
B0043,266,31.33,66.27,17.96,124.78,3.93,1.419,1.8993,94.97
B0043,267,30.94,73.16,22.8,125.01,3.943,1.503,1.8992,94.96
B0043,268,29.97,67.68,28.55,130.05,3.961,1.585,1.8983,94.91
B0043,269,28.89,74.75,17.84,129.53,3.93,1.447,1.8987,94.93
B0043,270,29.71,63.63,16.53,130.19,3.921,1.583,1.8975,94.88
B0043,271,31.26,73.17,23.74,129.82,3.946,1.417,1.8967,94.83
B0043,272,30.63,76.27,18.55,127.21,3.909,1.422,1.8964,94.82
B0043,273,28.46,75.35,7.55,127.14,3.931,1.407,1.8972,94.86
B0043,274,30.81,59.81,25.66,128.43,3.935,1.512,1.8963,94.82
B0043,275,30.4,66.58,21.72,127.72,3.943,1.56,1.8954,94.77
B0043,276,31.24,77.46,20.86,127.85,3.941,1.547,1.8956,94.78
B0043,277,33.76,77.85,14.15,132.78,3.924,1.502,1.8947,94.73
B0043,278,29.3,82.52,22.5,128.09,3.939,1.502,1.8947,94.74
B0043,279,31.48,74.38,18.68,129.59,3.92,1.493,1.8943,94.72
B0043,280,30.53,62.82,23.15,128.82,3.924,1.512,1.8939,94.7
B0043,281,30.64,73.38,24.49,130.83,3.907,1.487,1.8928,94.64
B0043,282,29.36,83.57,29.94,131.9,3.932,1.518,1.8928,94.64
B0043,283,28.68,69.41,15.59,130.76,3.967,1.546,1.8927,94.63
B0043,284,30.97,67.86,28.38,131.61,3.927,1.48,1.8921,94.61
B0043,285,30.7,54.3,12.26,133.73,3.931,1.464,1.8916,94.58
B0043,286,28.96,76.28,17.16,132.21,3.934,1.502,1.8912,94.56
B0043,287,31.18,69.04,16.82,128.25,3.925,1.576,1.8914,94.57
B0043,288,31.63,71.82,16.33,131.95,3.956,1.451,1.8904,94.52
B0043,289,29.88,63.22,12.59,132.46,3.909,1.307,1.8909,94.55
B0043,290,32.1,56.53,22.95,135.81,3.939,1.475,1.8896,94.48
B0043,291,30.0,82.02,12.62,132.68,3.915,1.518,1.8893,94.46
B0043,292,31.1,73.66,20.69,133.27,3.908,1.5,1.8889,94.45
B0043,293,30.04,63.76,18.32,133.39,3.938,1.475,1.889,94.45
B0043,294,31.17,70.94,16.96,135.12,3.922,1.511,1.8883,94.41
B0043,295,30.11,85.75,16.76,135.08,3.915,1.485,1.8888,94.44
B0043,296,30.34,84.97,21.77,134.38,3.923,1.57,1.8873,94.37
B0043,297,30.72,58.34,24.34,134.54,3.926,1.481,1.887,94.35
B0043,298,31.07,68.95,17.04,132.54,3.966,1.544,1.8862,94.31
B0043,299,28.95,68.21,19.16,133.34,3.918,1.494,1.8869,94.35
B0043,300,30.22,62.99,24.59,135.74,3.93,1.489,1.8873,94.36
B0043,301,31.2,79.31,16.48,134.6,3.938,1.565,1.8859,94.3
B0043,302,29.49,78.05,24.09,136.22,3.912,1.557,1.885,94.25
B0043,303,32.04,87.96,24.79,134.13,3.903,1.428,1.8846,94.23
B0043,304,30.97,77.41,19.98,136.64,3.903,1.504,1.8843,94.21
B0043,305,31.83,71.11,20.75,135.7,3.957,1.561,1.8844,94.22
B0043,306,29.52,51.06,20.38,135.84,3.932,1.503,1.8838,94.19
B0043,307,31.12,76.05,17.34,137.85,3.908,1.595,1.8837,94.18
B0043,308,32.18,75.03,19.75,136.69,3.915,1.454,1.8823,94.12
B0043,309,32.63,72.32,29.91,138.62,3.908,1.453,1.8813,94.06
B0043,310,32.5,71.68,22.69,136.48,3.89,1.488,1.8811,94.05
B0043,311,32.43,74.44,15.52,136.1,3.892,1.494,1.8814,94.07
B0043,312,30.81,77.12,21.43,137.79,3.904,1.561,1.8809,94.05
B0043,313,31.39,81.95,22.7,140.04,3.922,1.548,1.8824,94.12
B0043,314,29.24,64.7,17.06,141.18,3.902,1.498,1.8815,94.07
B0043,315,32.22,74.55,3.33,136.76,3.914,1.486,1.8803,94.02
B0043,316,31.61,53.37,18.45,141.26,3.915,1.433,1.8796,93.98
B0043,317,33.13,75.79,19.41,140.76,3.889,1.517,1.8801,94.01
B0043,318,31.73,82.31,19.37,142.0,3.886,1.541,1.8791,93.95
B0043,319,31.44,61.98,20.01,141.95,3.928,1.485,1.8783,93.92
B0043,320,30.53,67.45,14.09,139.6,3.915,1.39,1.8786,93.93
B0043,321,30.86,64.2,25.94,140.65,3.896,1.552,1.8789,93.94
B0043,322,32.48,70.97,17.23,140.93,3.909,1.421,1.8785,93.92
B0043,323,30.32,72.02,21.7,139.95,3.862,1.569,1.8781,93.9
B0043,324,30.27,74.34,19.83,139.96,3.899,1.415,1.8767,93.84
B0043,325,29.53,74.77,11.07,142.84,3.91,1.467,1.8773,93.86
B0043,326,29.98,74.08,26.71,140.37,3.886,1.529,1.8768,93.84
B0043,327,33.39,60.08,12.51,141.72,3.9,1.465,1.8745,93.72
B0043,328,32.54,77.68,21.5,141.71,3.889,1.512,1.8745,93.72
B0043,329,32.54,71.82,13.58,141.83,3.882,1.502,1.8748,93.74
B0043,330,30.86,60.92,6.92,143.51,3.889,1.467,1.8741,93.7
B0043,331,28.59,64.17,23.58,143.83,3.894,1.565,1.8744,93.72
B0043,332,31.68,78.68,18.08,141.59,3.871,1.533,1.8743,93.72
B0043,333,31.21,61.74,23.57,144.81,3.899,1.462,1.8737,93.68
B0043,334,32.22,71.0,15.4,142.58,3.931,1.479,1.8735,93.68
B0043,335,33.64,66.25,24.44,145.36,3.895,1.569,1.8721,93.61
B0043,336,32.64,83.71,11.9,144.59,3.869,1.529,1.872,93.6
B0043,337,30.43,64.77,10.0,144.07,3.931,1.54,1.8715,93.58
B0043,338,32.79,65.31,14.77,144.55,3.86,1.424,1.8713,93.56
B0043,339,31.13,84.57,31.07,145.09,3.879,1.453,1.8714,93.57
B0043,340,33.96,84.99,15.53,144.48,3.877,1.559,1.8705,93.53
B0043,341,30.77,73.73,23.64,146.69,3.886,1.561,1.8709,93.55
B0043,342,30.54,67.21,19.64,143.88,3.869,1.547,1.8717,93.58
B0043,343,31.55,63.46,24.09,142.68,3.879,1.428,1.8709,93.54
B0043,344,30.74,74.59,24.38,147.78,3.905,1.394,1.8696,93.48
B0043,345,33.0,65.76,16.26,143.83,3.849,1.532,1.8684,93.42
B0043,346,33.08,71.09,15.6,147.67,3.881,1.441,1.8683,93.42
B0043,347,32.01,76.7,26.64,146.5,3.877,1.514,1.8683,93.42
B0043,348,31.85,46.85,25.96,146.27,3.858,1.493,1.8671,93.35
B0043,349,32.35,77.96,20.27,145.37,3.897,1.53,1.8679,93.4
B0043,350,33.88,62.25,29.19,148.64,3.838,1.46,1.8679,93.39
B0043,351,34.51,76.65,17.27,148.06,3.887,1.563,1.8664,93.32
B0043,352,32.12,57.11,20.78,146.16,3.884,1.489,1.8666,93.33
B0043,353,33.07,62.84,22.43,147.08,3.872,1.587,1.8667,93.33
B0043,354,33.67,78.62,27.09,148.85,3.903,1.551,1.8637,93.18
B0043,355,33.95,84.19,17.9,149.37,3.869,1.516,1.8651,93.26
B0043,356,34.67,66.17,18.48,148.84,3.835,1.471,1.8642,93.21
B0043,357,33.64,81.5,14.23,149.4,3.831,1.478,1.8648,93.24
B0043,358,30.77,80.95,16.15,151.34,3.857,1.446,1.8636,93.18
B0043,359,32.65,69.16,21.73,150.99,3.875,1.483,1.8639,93.19
B0043,360,32.06,68.52,15.92,150.27,3.875,1.588,1.8633,93.16
